8923번 포트에서 대기 중
몽고디비 연결 성공
8923번 포트에서 대기 중
몽고디비 연결 성공
currentPage : /
testtttt : undefined
currentPage : /
testtttt : undefined
currentPage : /
testtttt : undefined
currentPage : /
testtttt : undefined
currentPage : /
testtttt : undefined
currentPage : /
testtttt : undefined
currentPage : /
testtttt : undefined
currentPage : /
testtttt : undefined
currentPage : /
testtttt : undefined
currentPage : /
testtttt : undefined
currentPage : /
testtttt : undefined
currentPage : /facet/Dynasty
testtttt : undefined
currentPage : /
testtttt : undefined
currentPage : /facet/Seminar
testtttt : undefined
currentPage : /
testtttt : undefined
currentPage : /resource/%EC%9D%B8%EB%AC%B8%ED%95%99%EA%B3%BC_%EA%B8%B0%EC%88%A0%EC%9D%98_%EA%B4%80%EA%B3%84_-_%EC%8A%A4%ED%8B%B0%EB%B8%8C_%EC%9E%A1%EC%8A%A4_%EC%97%B0%EC%84%A4%EA%B3%BC_%EA%B4%80%EB%A0%A8%ED%95%9C_%EC%84%A4%EB%AA%85
testtttt : undefined
currentPage : /
testtttt : undefined
currentPage : /facet/Seminar
testtttt : undefined
currentPage : /facet/Event
testtttt : undefined
currentPage : /facet/Topic
testtttt : undefined
currentPage : /facet/Discussion
testtttt : undefined
currentPage : /facet/Place
testtttt : undefined
currentPage : /facet/Place
testtttt : undefined
currentPage : /facet/Place
testtttt : undefined
currentPage : /
testtttt : undefined
currentPage : /
testtttt : undefined
currentPage : /resource/%EC%95%84%EC%B9%B4%EC%9D%B4%EB%B8%8C_2%5Bdot%5D0_-_%EA%B8%B0%EB%A1%9D%EC%9D%98_4%EB%8C%80_%EC%86%8D%EC%84%B1_%EC%A7%80%EC%9B%90_%EA%B8%B0%EC%88%A0_Big_Data_%EC%B2%98%EB%A6%AC_%EA%B8%B0%EC%88%A0
testtttt : undefined
currentPage : /facet/Seminar
testtttt : undefined
currentPage : /facet/Discussion
testtttt : undefined
currentPage : /resource/%EB%AC%B4%EC%8B%A0%EB%85%84%EC%A7%84%EC%B0%AC_%EA%B3%B5%EC%97%B0
testtttt : undefined
currentPage : /facet/Panelist
testtttt : undefined
currentPage : /
testtttt : undefined
currentPage : /resource/Data_%EC%A4%91%EC%8B%AC%EC%9C%BC%EB%A1%9C_ICT_Paradigm_%EC%A7%84%ED%99%94
testtttt : undefined
currentPage : /
testtttt : undefined
currentPage : /
testtttt : undefined
currentPage : /
testtttt : undefined
currentPage : /facet/Discussion
testtttt : undefined
currentPage : /facet/Seminar
testtttt : undefined
currentPage : /facet/Seminar
testtttt : undefined
currentPage : /resource/%EC%8B%A4%ED%81%AC%EB%A1%9C%EB%93%9C%EC%99%80_%EC%A4%91%EC%95%99%EC%95%84%EC%8B%9C%EC%95%84_%ED%8B%B0%EB%AC%B4%EB%A5%B4_%EC%8B%9C%EB%8C%80%EC%97%90_%EC%82%AC%EB%A7%88%EB%A5%B4%EC%B9%B8%ED%8A%B8%EC%99%80_%EB%B6%80%ED%95%98%EB%9D%BC
testtttt : undefined
currentPage : /facet/Hybrid_Art
testtttt : undefined
currentPage : /
testtttt : undefined
currentPage : /resource/%EC%A7%80%EC%8B%9D%EC%83%9D%EC%84%B1%ED%8C%A8%EB%9F%AC%EB%8B%A4%EC%9E%84%EC%9D%98_%EC%A2%85%EB%A5%98
testtttt : undefined
currentPage : /facet/Timeline
testtttt : undefined
currentPage : /resource/%EB%B9%84%EC%9E%94%ED%8B%B4%EC%A0%9C%EA%B5%AD%EC%9D%98_%ED%99%A9%EA%B6%81%EA%B3%BC_%ED%9E%88%ED%8F%AC%EB%93%9C%EB%A1%AC_%EB%A1%9C%EB%A7%88_%EC%A0%9C%EA%B5%AD%EC%9D%98_%ED%95%B5%EC%8B%AC%EB%B6%80%EC%99%80_%EB%AC%B8%ED%99%94_%EC%A4%91%EC%8B%AC%EC%A7%80
testtttt : undefined
currentPage : /
testtttt : undefined
currentPage : /resource/%EC%A7%80%EC%8B%9D%EC%83%9D%EC%84%B1%ED%8C%A8%EB%9F%AC%EB%8B%A4%EC%9E%84%EC%9D%98_%EC%A2%85%EB%A5%98
testtttt : undefined
currentPage : /facet/Topic
testtttt : undefined
currentPage : /resource/%EC%B0%BD%EB%B0%9C%EC%84%B1%EC%9D%98_%EC%9B%90%EC%B2%9C_%EB%8D%B0%EC%9D%B4%ED%84%B0%EC%84%B8%ED%8A%B8_%EA%B0%84_%EA%B2%B0%ED%95%A9%EC%9D%84_%ED%86%B5%ED%95%9C_%EB%81%9D%EC%97%86%EB%8A%94_%ED%99%95%EC%9E%A5
testtttt : undefined
currentPage : /resource/%ED%8A%B8%EB%9E%9C%EC%8A%A4%EB%82%B4%EC%85%94%EB%84%90%EB%A6%AC%EC%A6%98
testtttt : undefined
currentPage : /facet/Keyword
testtttt : undefined
currentPage : /resource/%EB%8B%A4%EB%AF%BC%EC%A1%B1_%EC%82%AC%ED%9A%8C%EC%9D%98_%ED%98%95%EC%84%B1%EA%B3%BC_%EC%99%B8%EA%B5%AD%EC%9D%B8%EB%93%A4%EC%9D%98_%EC%A0%95%EC%B0%A9
testtttt : undefined
currentPage : /
testtttt : undefined
currentPage : /resource/4%EC%B0%A8_%EC%82%B0%EC%97%85_%ED%98%81%EB%AA%85%EC%8B%9C%EB%8C%80_%EC%A7%80%EC%8B%9D_%EC%83%9D%EC%84%B1_%ED%8C%A8%EB%9F%AC%EB%8B%A4%EC%9E%84_%E2%80%93_Data_Nomad_Word+Word_%EC%83%88%EB%A1%9C%EC%9A%B4_%EC%BB%A8%EC%85%89_%EC%B0%BD%EC%B6%9C
testtttt : undefined
currentPage : /resource/%EC%97%BC%EB%A3%8C
testtttt : undefined
currentPage : /resource/%EC%A7%80%EC%A0%95%ED%95%99%EC%9D%B4%EC%A0%90
testtttt : undefined
currentPage : /resource/serendipity
testtttt : undefined
currentPage : /resource/4%EC%B0%A8_%EC%82%B0%EC%97%85_%ED%98%81%EB%AA%85%EC%8B%9C%EB%8C%80_%EC%A7%80%EC%8B%9D_%EC%83%9D%EC%84%B1_%ED%8C%A8%EB%9F%AC%EB%8B%A4%EC%9E%84_%E2%80%93_%ED%81%90%EB%A0%88%EC%9D%B4%EC%85%98_Case
testtttt : undefined
currentPage : /resource/%EA%B5%AC%EA%B8%80%EB%8B%A5%EC%8A%A4
testtttt : undefined
currentPage : /
testtttt : undefined
currentPage : /resource/Data%EB%9E%80_%EB%AC%B4%EC%97%87%EC%9D%B8%EA%B0%80_%EA%B0%9C%EB%85%90_%EC%A0%95%EC%9D%98
testtttt : undefined
currentPage : /resource/%ED%8C%A8%EB%9F%AC%EB%8B%A4%EC%9E%84%EC%A0%84%ED%99%98
testtttt : undefined
currentPage : /
testtttt : undefined
currentPage : /facet/Work
testtttt : undefined
currentPage : /resource/%EC%B0%BD%EB%B0%9C%EC%84%B1%EA%B3%BC_%EB%8D%B0%EC%9D%B4%ED%84%B0
testtttt : undefined
currentPage : /resource/%ED%8B%B0%EB%AC%B4%EB%A5%B4%EA%B0%80%EC%A1%B1%EA%B4%80%EA%B3%84
testtttt : undefined
currentPage : /resource/archivist
testtttt : undefined
currentPage : /resource/%EC%9D%B4%EC%8A%AC%EB%9E%8C
testtttt : undefined
currentPage : /resource/%EA%B8%B0%EC%83%9D%EC%B6%A9%EB%B0%95%EC%82%AC%EC%9E%A5%EC%A7%91
testtttt : undefined
currentPage : /resource/%EB%AC%B4%EC%8B%A0%EB%85%84%EC%A7%84%EC%B0%AC%EB%8F%84%EB%B3%91
testtttt : undefined
currentPage : /resource/4%EC%B0%A8_%EC%82%B0%EC%97%85_%ED%98%81%EB%AA%85%EC%8B%9C%EB%8C%80_%EC%A7%80%EC%8B%9D_%EC%83%9D%EC%84%B1_%ED%8C%A8%EB%9F%AC%EB%8B%A4%EC%9E%84_%E2%80%93_curation_is_the_Design
testtttt : undefined
currentPage : /resource/%EA%B2%8C%EB%A5%B4%EB%A7%8C%EC%A1%B1
testtttt : undefined
currentPage : /
testtttt : undefined
currentPage : /resource/%EC%97%A0%EC%94%A8_%ED%95%B4%EB%A8%B8
testtttt : undefined
currentPage : /resource/%ED%98%BC%EC%A2%85%EC%84%B1(Hybridity)%EC%9D%98_%EA%B0%9C%EB%85%90%EC%A0%81_%EB%B0%B0%EA%B2%BD%EA%B3%BC_%ED%86%B5%EC%9D%BC_%EA%B3%BC%EC%A0%95
testtttt : undefined
currentPage : /facet/Event
testtttt : undefined
currentPage : /resource/Data_%EC%A4%91%EC%8B%AC%EC%9C%BC%EB%A1%9C_ICT_Paradigm_%EC%A7%84%ED%99%94
testtttt : undefined
currentPage : /resource/%ED%95%9C%EA%B5%AD_%EB%8C%80%EC%A4%91_%EC%9D%8C%EC%95%85%EC%9D%98_%EB%AF%B8%EA%B5%AD_%ED%9E%99%ED%95%A9_%EB%AC%B8%ED%99%94_%EC%88%98%EC%9A%A9
testtttt : undefined
currentPage : /resource/%EB%B6%80%EC%9D%98_%EC%B6%95%EC%B2%99
testtttt : undefined
currentPage : /resource/%EB%8D%B0%EC%9D%B4%ED%84%B0_%EC%98%A4%ED%94%88%EA%B3%BC_%EA%B3%B5%EC%9C%A0
testtttt : undefined
currentPage : /resource/%EC%A7%80%EB%A6%AC%EC%A0%81%EC%97%AD%ED%95%A0
testtttt : undefined
currentPage : /resource/Data_%EC%A4%91%EC%8B%AC%EC%9C%BC%EB%A1%9C_ICT_Paradigm_%EC%A7%84%ED%99%94
testtttt : undefined
currentPage : /resource/AI%EC%99%80_%EC%9D%B8%EA%B0%84%EC%9D%98_%ED%98%91%EC%97%85__%EB%AC%B8%ED%99%94_%EC%B0%A8%EC%9D%B4%EC%97%90_%EC%9D%98%ED%95%9C_Connotation%EC%9D%98_%ED%95%B4%EC%84%9D%EA%B3%BC_%EC%9D%98%EB%AF%B8_%EC%83%9D%EC%84%B1
testtttt : undefined
currentPage : /resource/%ED%95%9C%EA%B5%AD_%EB%8C%80%EC%A4%91%EC%9D%8C%EC%95%85%EC%9D%98_%EC%9D%B4%EB%A6%84_%EB%B3%80%EC%B2%9C%EC%82%AC
testtttt : undefined
currentPage : /resource/%EB%8C%80%EB%A6%BD
testtttt : undefined
currentPage : /
testtttt : undefined
currentPage : /
testtttt : undefined
currentPage : /resource/%ED%8F%89%EC%B0%BD%EC%98%B9%EB%A6%BC%ED%94%BD_AR%EA%B2%8C%EC%9E%84_%EC%95%B1
testtttt : undefined
currentPage : /resource/LOD%EC%97%90_%EC%97%B0%EA%B2%B0%EB%90%98%EB%8A%94_%EC%95%84%EC%B9%B4%EC%9D%B4%EB%B8%8C%EB%93%A4%EC%9D%B4_%EC%A7%80%EB%8B%88%EA%B2%8C_%EB%90%98%EB%8A%94_%EC%86%8D%EC%84%B1
testtttt : undefined
currentPage : /resource/%EB%8C%80%EC%8B%9C%EC%9E%A5_%ED%98%95%EC%84%B1
testtttt : undefined
currentPage : /resource/%EC%9D%B8%EA%B3%B5%EC%A7%80%EB%8A%A5
testtttt : undefined
currentPage : /resource/%EA%B7%B8%EB%A6%AC%EC%8A%A4%EB%AC%B8%ED%99%94
testtttt : undefined
currentPage : /resource/%EC%A0%80%EC%9E%91%EA%B6%8C_%EB%B3%B4%ED%98%B8
testtttt : undefined
currentPage : /resource/%EC%88%98%EC%A3%BC%EC%A0%95
testtttt : undefined
currentPage : /resource/%EB%B9%85%EB%8D%B0%EC%9D%B4%ED%84%B0_%EC%B2%98%EB%A6%AC%EA%B8%B0%EC%88%A0
testtttt : undefined
currentPage : /
testtttt : undefined
currentPage : /
testtttt : undefined
currentPage : /resource/%EC%82%B0%EB%B9%84%ED%83%88%EB%A0%88_%EC%84%B1%EB%8B%B9
testtttt : undefined
currentPage : /resource/%EC%9B%90%EC%A0%95%EB%B0%A9%EC%8B%9D
testtttt : undefined
currentPage : /
testtttt : undefined
currentPage : /facet/Seminar
testtttt : undefined
currentPage : /resource/%ED%95%9C%EB%A5%98%EB%9E%80_%EB%AC%B4%EC%97%87%EC%9D%B8%EA%B0%80
testtttt : undefined
currentPage : /resource/%ED%95%9C%EA%B5%AD_%EC%9D%8C%EC%95%85%EA%B0%80%EB%93%A4%EC%9D%98_%EB%AF%B8%EA%B5%AD_%EC%A7%84%EC%B6%9C
testtttt : undefined
currentPage : /resource/4%EC%B0%A8_%EC%82%B0%EC%97%85_%ED%98%81%EB%AA%85%EC%8B%9C%EB%8C%80_%EC%A7%80%EC%8B%9D_%EC%83%9D%EC%84%B1_%ED%8C%A8%EB%9F%AC%EB%8B%A4%EC%9E%84_%E2%80%93_Design=Deconstruct_+_Sign
testtttt : undefined
currentPage : /resource/%EA%B2%BD%EC%A0%9C%EC%A0%81%ED%8A%B9%EC%A7%95
testtttt : undefined
currentPage : /resource/%EC%9A%94%EC%B6%A9%EC%A7%80
testtttt : undefined
currentPage : /facet/Discussion
testtttt : undefined
currentPage : /resource/%EC%8B%A4%ED%81%AC%EB%A1%9C%EB%93%9C_%EC%97%B0%EB%A7%B9%EC%9D%98_%EC%B6%9C%EB%B0%9C
testtttt : undefined
currentPage : /
testtttt : undefined
currentPage : /resource/%EB%A7%BA%EC%9D%8C_%EB%A7%90_%EB%8D%B0%EC%9D%B4%ED%84%B0_2%5Bdot%5D0_%EC%95%84%EC%B9%B4%EC%9D%B4%EB%B8%8C%EB%8A%94_%EB%A6%AC%EC%A2%80_%EB%84%A4%ED%8A%B8%EC%9B%8C%ED%81%AC_%EA%B8%B0%EB%B0%98_Data_Nomadism_%ED%94%8C%EB%9E%AB%ED%8F%BC
testtttt : undefined
currentPage : /resource/%EC%9D%B5%EC%9D%BC%EC%95%BC%EC%97%B0
testtttt : undefined
currentPage : /resource/%EC%84%9C%EB%A1%9C%EB%A7%88%EC%A0%9C%EA%B5%AD
testtttt : undefined
currentPage : /facet/Place
testtttt : undefined
currentPage : /resource/Silo%EC%97%90_%EC%86%8D%EB%B0%95%EB%90%98%EC%96%B4_%EA%B3%A0%EB%A6%BD%EB%90%9C_Data%EC%9D%98_%ED%95%B4%EB%B0%A9%EA%B3%BC_%EC%A0%84%EC%A7%80%EA%B5%AC%EC%A0%81_%EC%97%B0%EA%B2%B0
testtttt : undefined
currentPage : /resource/%EA%B5%AD%EC%95%85
testtttt : undefined
currentPage : /resource/%EB%AC%B4%EC%8B%A0%EB%85%84%EC%A7%84%EC%B0%AC%EB%8F%84%EB%B3%91
testtttt : undefined
currentPage : /resource/%EB%AC%B4%EC%8B%A0%EB%85%84%EC%A7%84%EC%B0%AC_%EC%9D%8C%EC%8B%9D
testtttt : undefined
currentPage : /resource/%EA%B5%B0%EC%82%AC%EC%A0%81%EC%B6%A9%EB%8F%8C
testtttt : undefined
currentPage : /resource/%ED%99%98%EC%9B%90%EC%A3%BC%EC%9D%98
testtttt : undefined
currentPage : /resource/%EC%BD%94%EB%A9%94%EB%A5%B4%ED%82%A4%EC%98%A8
testtttt : undefined
currentPage : /resource/%EC%96%B4%ED%9C%98%ED%86%B5%EC%A0%9C
testtttt : undefined
currentPage : /resource/%ED%95%9C%EA%B5%AD%EA%B0%80%EC%9A%94%EA%B3%84
testtttt : undefined
currentPage : /resource/%EB%AC%B4%EC%97%AD%EA%B7%9C%EC%A0%9C
testtttt : undefined
currentPage : /facet/Moderator
testtttt : undefined
currentPage : /resource/%EB%85%B8%EB%A5%B4%EB%A7%8C%EC%A1%B1
testtttt : undefined
currentPage : /resource/%EB%8D%B0%EC%9D%B4%ED%84%B0%EC%9E%AC%EC%82%AC%EC%9A%A9
testtttt : undefined
currentPage : /resource/%EC%83%81%EC%B0%A8%EB%A6%BC%EA%B3%BC_%EC%9D%8C%EC%8B%9D
testtttt : undefined
currentPage : /resource/%EC%A7%80%EC%8B%9D%ED%86%B5%ED%95%A9
testtttt : undefined
currentPage : /resource/%EA%B2%BD%EC%A0%9C%EC%A0%95%EC%B1%85
testtttt : undefined
currentPage : /resource/%EC%9D%B4%EC%8A%A4%ED%83%84%EB%B6%88
testtttt : undefined
currentPage : /resource/%EA%B3%B5%EA%B5%90%EB%A1%9C%EC%9B%80
testtttt : undefined
currentPage : /resource/%EA%B8%B0%EB%8F%85%EA%B5%90%EB%AC%B8%EB%AA%85
testtttt : undefined
currentPage : /facet/Work
testtttt : undefined
currentPage : /
testtttt : undefined
currentPage : /resource/%EA%B8%B0%ED%98%B8
testtttt : undefined
currentPage : /resource/2021-09-12
testtttt : undefined
currentPage : /resource/%EB%AF%B8%EA%B5%AD%EC%9D%8C%EC%95%85
testtttt : undefined
currentPage : /resource/%EC%8A%A4%ED%8B%B0%EB%B8%8C_%EC%9E%A1%EC%8A%A4
testtttt : undefined
currentPage : /resource/%ED%91%9C%EC%A4%80%ED%99%94
testtttt : undefined
currentPage : /resource/2021-09-12
testtttt : undefined
currentPage : /
testtttt : undefined
currentPage : /
testtttt : undefined
(node:4121) UnhandledPromiseRejectionWarning: TypeError: Cannot read property 'toObject' of null
    at router.get (/home/ubuntu/silkroads/router/resource.js:22:39)
    at processTicksAndRejections (internal/process/task_queues.js:86:5)
(node:4121) UnhandledPromiseRejectionWarning: Unhandled promise rejection. This error originated either by throwing inside of an async function without a catch block, or by rejecting a promise which was not handled with .catch(). (rejection id: 1)
(node:4121) [DEP0018] DeprecationWarning: Unhandled promise rejections are deprecated. In the future, promise rejections that are not handled will terminate the Node.js process with a non-zero exit code.
(node:4121) UnhandledPromiseRejectionWarning: TypeError: Cannot read property 'toObject' of null
    at router.get (/home/ubuntu/silkroads/router/resource.js:22:39)
    at processTicksAndRejections (internal/process/task_queues.js:86:5)
(node:4121) UnhandledPromiseRejectionWarning: Unhandled promise rejection. This error originated either by throwing inside of an async function without a catch block, or by rejecting a promise which was not handled with .catch(). (rejection id: 2)
currentPage : /
testtttt : undefined
(node:4121) UnhandledPromiseRejectionWarning: TypeError: Cannot read property 'toObject' of null
    at router.get (/home/ubuntu/silkroads/router/resource.js:22:39)
    at processTicksAndRejections (internal/process/task_queues.js:86:5)
(node:4121) UnhandledPromiseRejectionWarning: Unhandled promise rejection. This error originated either by throwing inside of an async function without a catch block, or by rejecting a promise which was not handled with .catch(). (rejection id: 3)
(node:4121) UnhandledPromiseRejectionWarning: TypeError: Cannot read property 'toObject' of null
    at router.get (/home/ubuntu/silkroads/router/resource.js:22:39)
    at processTicksAndRejections (internal/process/task_queues.js:86:5)
(node:4121) UnhandledPromiseRejectionWarning: Unhandled promise rejection. This error originated either by throwing inside of an async function without a catch block, or by rejecting a promise which was not handled with .catch(). (rejection id: 4)
currentPage : /
testtttt : undefined
(node:4121) UnhandledPromiseRejectionWarning: TypeError: Cannot read property 'toObject' of null
    at router.get (/home/ubuntu/silkroads/router/resource.js:22:39)
    at processTicksAndRejections (internal/process/task_queues.js:86:5)
(node:4121) UnhandledPromiseRejectionWarning: Unhandled promise rejection. This error originated either by throwing inside of an async function without a catch block, or by rejecting a promise which was not handled with .catch(). (rejection id: 5)
(node:4121) UnhandledPromiseRejectionWarning: TypeError: Cannot read property 'toObject' of null
    at router.get (/home/ubuntu/silkroads/router/resource.js:22:39)
    at processTicksAndRejections (internal/process/task_queues.js:86:5)
(node:4121) UnhandledPromiseRejectionWarning: Unhandled promise rejection. This error originated either by throwing inside of an async function without a catch block, or by rejecting a promise which was not handled with .catch(). (rejection id: 6)
(node:4121) UnhandledPromiseRejectionWarning: TypeError: Cannot read property 'toObject' of null
    at router.get (/home/ubuntu/silkroads/router/resource.js:22:39)
    at processTicksAndRejections (internal/process/task_queues.js:86:5)
(node:4121) UnhandledPromiseRejectionWarning: Unhandled promise rejection. This error originated either by throwing inside of an async function without a catch block, or by rejecting a promise which was not handled with .catch(). (rejection id: 7)
(node:4121) UnhandledPromiseRejectionWarning: TypeError: Cannot read property 'toObject' of null
    at router.get (/home/ubuntu/silkroads/router/resource.js:22:39)
    at processTicksAndRejections (internal/process/task_queues.js:86:5)
(node:4121) UnhandledPromiseRejectionWarning: Unhandled promise rejection. This error originated either by throwing inside of an async function without a catch block, or by rejecting a promise which was not handled with .catch(). (rejection id: 8)
(node:4121) UnhandledPromiseRejectionWarning: TypeError: Cannot read property 'toObject' of null
    at router.get (/home/ubuntu/silkroads/router/resource.js:22:39)
    at processTicksAndRejections (internal/process/task_queues.js:86:5)
(node:4121) UnhandledPromiseRejectionWarning: Unhandled promise rejection. This error originated either by throwing inside of an async function without a catch block, or by rejecting a promise which was not handled with .catch(). (rejection id: 9)
(node:4121) UnhandledPromiseRejectionWarning: TypeError: Cannot read property 'toObject' of null
    at router.get (/home/ubuntu/silkroads/router/resource.js:22:39)
    at processTicksAndRejections (internal/process/task_queues.js:86:5)
(node:4121) UnhandledPromiseRejectionWarning: Unhandled promise rejection. This error originated either by throwing inside of an async function without a catch block, or by rejecting a promise which was not handled with .catch(). (rejection id: 10)
(node:4121) UnhandledPromiseRejectionWarning: TypeError: Cannot read property 'toObject' of null
    at router.get (/home/ubuntu/silkroads/router/resource.js:22:39)
    at processTicksAndRejections (internal/process/task_queues.js:86:5)
(node:4121) UnhandledPromiseRejectionWarning: Unhandled promise rejection. This error originated either by throwing inside of an async function without a catch block, or by rejecting a promise which was not handled with .catch(). (rejection id: 11)
(node:4121) UnhandledPromiseRejectionWarning: TypeError: Cannot read property 'toObject' of null
    at router.get (/home/ubuntu/silkroads/router/resource.js:22:39)
    at processTicksAndRejections (internal/process/task_queues.js:86:5)
(node:4121) UnhandledPromiseRejectionWarning: Unhandled promise rejection. This error originated either by throwing inside of an async function without a catch block, or by rejecting a promise which was not handled with .catch(). (rejection id: 12)
(node:4121) UnhandledPromiseRejectionWarning: TypeError: Cannot read property 'toObject' of null
    at router.get (/home/ubuntu/silkroads/router/resource.js:22:39)
    at processTicksAndRejections (internal/process/task_queues.js:86:5)
(node:4121) UnhandledPromiseRejectionWarning: Unhandled promise rejection. This error originated either by throwing inside of an async function without a catch block, or by rejecting a promise which was not handled with .catch(). (rejection id: 13)
(node:4121) UnhandledPromiseRejectionWarning: TypeError: Cannot read property 'toObject' of null
    at router.get (/home/ubuntu/silkroads/router/resource.js:22:39)
    at processTicksAndRejections (internal/process/task_queues.js:86:5)
(node:4121) UnhandledPromiseRejectionWarning: Unhandled promise rejection. This error originated either by throwing inside of an async function without a catch block, or by rejecting a promise which was not handled with .catch(). (rejection id: 14)
(node:4121) UnhandledPromiseRejectionWarning: TypeError: Cannot read property 'toObject' of null
    at router.get (/home/ubuntu/silkroads/router/resource.js:22:39)
    at processTicksAndRejections (internal/process/task_queues.js:86:5)
(node:4121) UnhandledPromiseRejectionWarning: Unhandled promise rejection. This error originated either by throwing inside of an async function without a catch block, or by rejecting a promise which was not handled with .catch(). (rejection id: 15)
(node:4121) UnhandledPromiseRejectionWarning: TypeError: Cannot read property 'toObject' of null
    at router.get (/home/ubuntu/silkroads/router/resource.js:22:39)
    at processTicksAndRejections (internal/process/task_queues.js:86:5)
(node:4121) UnhandledPromiseRejectionWarning: Unhandled promise rejection. This error originated either by throwing inside of an async function without a catch block, or by rejecting a promise which was not handled with .catch(). (rejection id: 16)
(node:4121) UnhandledPromiseRejectionWarning: TypeError: Cannot read property 'toObject' of null
    at router.get (/home/ubuntu/silkroads/router/resource.js:22:39)
    at processTicksAndRejections (internal/process/task_queues.js:86:5)
(node:4121) UnhandledPromiseRejectionWarning: Unhandled promise rejection. This error originated either by throwing inside of an async function without a catch block, or by rejecting a promise which was not handled with .catch(). (rejection id: 17)
(node:4121) UnhandledPromiseRejectionWarning: TypeError: Cannot read property 'toObject' of null
    at router.get (/home/ubuntu/silkroads/router/resource.js:22:39)
    at processTicksAndRejections (internal/process/task_queues.js:86:5)
(node:4121) UnhandledPromiseRejectionWarning: Unhandled promise rejection. This error originated either by throwing inside of an async function without a catch block, or by rejecting a promise which was not handled with .catch(). (rejection id: 18)
(node:4121) UnhandledPromiseRejectionWarning: TypeError: Cannot read property 'toObject' of null
    at router.get (/home/ubuntu/silkroads/router/resource.js:22:39)
    at processTicksAndRejections (internal/process/task_queues.js:86:5)
(node:4121) UnhandledPromiseRejectionWarning: Unhandled promise rejection. This error originated either by throwing inside of an async function without a catch block, or by rejecting a promise which was not handled with .catch(). (rejection id: 19)
(node:4121) UnhandledPromiseRejectionWarning: TypeError: Cannot read property 'toObject' of null
    at router.get (/home/ubuntu/silkroads/router/resource.js:22:39)
    at processTicksAndRejections (internal/process/task_queues.js:86:5)
(node:4121) UnhandledPromiseRejectionWarning: Unhandled promise rejection. This error originated either by throwing inside of an async function without a catch block, or by rejecting a promise which was not handled with .catch(). (rejection id: 20)
(node:4121) UnhandledPromiseRejectionWarning: TypeError: Cannot read property 'toObject' of null
    at router.get (/home/ubuntu/silkroads/router/resource.js:22:39)
    at processTicksAndRejections (internal/process/task_queues.js:86:5)
(node:4121) UnhandledPromiseRejectionWarning: Unhandled promise rejection. This error originated either by throwing inside of an async function without a catch block, or by rejecting a promise which was not handled with .catch(). (rejection id: 21)
(node:4121) UnhandledPromiseRejectionWarning: TypeError: Cannot read property 'toObject' of null
    at router.get (/home/ubuntu/silkroads/router/resource.js:22:39)
    at processTicksAndRejections (internal/process/task_queues.js:86:5)
(node:4121) UnhandledPromiseRejectionWarning: Unhandled promise rejection. This error originated either by throwing inside of an async function without a catch block, or by rejecting a promise which was not handled with .catch(). (rejection id: 22)
(node:4121) UnhandledPromiseRejectionWarning: TypeError: Cannot read property 'toObject' of null
    at router.get (/home/ubuntu/silkroads/router/resource.js:22:39)
    at processTicksAndRejections (internal/process/task_queues.js:86:5)
(node:4121) UnhandledPromiseRejectionWarning: Unhandled promise rejection. This error originated either by throwing inside of an async function without a catch block, or by rejecting a promise which was not handled with .catch(). (rejection id: 23)
(node:4121) UnhandledPromiseRejectionWarning: TypeError: Cannot read property 'toObject' of null
    at router.get (/home/ubuntu/silkroads/router/resource.js:22:39)
    at processTicksAndRejections (internal/process/task_queues.js:86:5)
(node:4121) UnhandledPromiseRejectionWarning: Unhandled promise rejection. This error originated either by throwing inside of an async function without a catch block, or by rejecting a promise which was not handled with .catch(). (rejection id: 24)
(node:4121) UnhandledPromiseRejectionWarning: TypeError: Cannot read property 'toObject' of null
    at router.get (/home/ubuntu/silkroads/router/resource.js:22:39)
    at processTicksAndRejections (internal/process/task_queues.js:86:5)
(node:4121) UnhandledPromiseRejectionWarning: Unhandled promise rejection. This error originated either by throwing inside of an async function without a catch block, or by rejecting a promise which was not handled with .catch(). (rejection id: 25)
currentPage : /
testtttt : undefined
currentPage : /
testtttt : undefined
currentPage : /
testtttt : undefined
currentPage : /
testtttt : undefined
(node:4121) UnhandledPromiseRejectionWarning: TypeError: Cannot read property 'toObject' of null
    at router.get (/home/ubuntu/silkroads/router/resource.js:22:39)
    at processTicksAndRejections (internal/process/task_queues.js:86:5)
(node:4121) UnhandledPromiseRejectionWarning: Unhandled promise rejection. This error originated either by throwing inside of an async function without a catch block, or by rejecting a promise which was not handled with .catch(). (rejection id: 26)
(node:4121) UnhandledPromiseRejectionWarning: TypeError: Cannot read property 'toObject' of null
    at router.get (/home/ubuntu/silkroads/router/resource.js:22:39)
    at processTicksAndRejections (internal/process/task_queues.js:86:5)
(node:4121) UnhandledPromiseRejectionWarning: Unhandled promise rejection. This error originated either by throwing inside of an async function without a catch block, or by rejecting a promise which was not handled with .catch(). (rejection id: 27)
(node:4121) UnhandledPromiseRejectionWarning: TypeError: Cannot read property 'toObject' of null
    at router.get (/home/ubuntu/silkroads/router/resource.js:22:39)
    at processTicksAndRejections (internal/process/task_queues.js:86:5)
(node:4121) UnhandledPromiseRejectionWarning: Unhandled promise rejection. This error originated either by throwing inside of an async function without a catch block, or by rejecting a promise which was not handled with .catch(). (rejection id: 28)
(node:4121) UnhandledPromiseRejectionWarning: TypeError: Cannot read property 'toObject' of null
    at router.get (/home/ubuntu/silkroads/router/resource.js:22:39)
    at processTicksAndRejections (internal/process/task_queues.js:86:5)
(node:4121) UnhandledPromiseRejectionWarning: Unhandled promise rejection. This error originated either by throwing inside of an async function without a catch block, or by rejecting a promise which was not handled with .catch(). (rejection id: 29)
(node:4121) UnhandledPromiseRejectionWarning: TypeError: Cannot read property 'toObject' of null
    at router.get (/home/ubuntu/silkroads/router/resource.js:22:39)
    at processTicksAndRejections (internal/process/task_queues.js:86:5)
(node:4121) UnhandledPromiseRejectionWarning: Unhandled promise rejection. This error originated either by throwing inside of an async function without a catch block, or by rejecting a promise which was not handled with .catch(). (rejection id: 30)
(node:4121) UnhandledPromiseRejectionWarning: TypeError: Cannot read property 'toObject' of null
    at router.get (/home/ubuntu/silkroads/router/resource.js:22:39)
    at processTicksAndRejections (internal/process/task_queues.js:86:5)
(node:4121) UnhandledPromiseRejectionWarning: Unhandled promise rejection. This error originated either by throwing inside of an async function without a catch block, or by rejecting a promise which was not handled with .catch(). (rejection id: 31)
(node:4121) UnhandledPromiseRejectionWarning: TypeError: Cannot read property 'toObject' of null
    at router.get (/home/ubuntu/silkroads/router/resource.js:22:39)
    at processTicksAndRejections (internal/process/task_queues.js:86:5)
(node:4121) UnhandledPromiseRejectionWarning: Unhandled promise rejection. This error originated either by throwing inside of an async function without a catch block, or by rejecting a promise which was not handled with .catch(). (rejection id: 32)
(node:4121) UnhandledPromiseRejectionWarning: TypeError: Cannot read property 'toObject' of null
    at router.get (/home/ubuntu/silkroads/router/resource.js:22:39)
    at processTicksAndRejections (internal/process/task_queues.js:86:5)
(node:4121) UnhandledPromiseRejectionWarning: Unhandled promise rejection. This error originated either by throwing inside of an async function without a catch block, or by rejecting a promise which was not handled with .catch(). (rejection id: 33)
(node:4121) UnhandledPromiseRejectionWarning: TypeError: Cannot read property 'toObject' of null
    at router.get (/home/ubuntu/silkroads/router/resource.js:22:39)
    at processTicksAndRejections (internal/process/task_queues.js:86:5)
(node:4121) UnhandledPromiseRejectionWarning: Unhandled promise rejection. This error originated either by throwing inside of an async function without a catch block, or by rejecting a promise which was not handled with .catch(). (rejection id: 34)
(node:4121) UnhandledPromiseRejectionWarning: TypeError: Cannot read property 'toObject' of null
    at router.get (/home/ubuntu/silkroads/router/resource.js:22:39)
    at processTicksAndRejections (internal/process/task_queues.js:86:5)
(node:4121) UnhandledPromiseRejectionWarning: Unhandled promise rejection. This error originated either by throwing inside of an async function without a catch block, or by rejecting a promise which was not handled with .catch(). (rejection id: 35)
(node:4121) UnhandledPromiseRejectionWarning: TypeError: Cannot read property 'toObject' of null
    at router.get (/home/ubuntu/silkroads/router/resource.js:22:39)
    at processTicksAndRejections (internal/process/task_queues.js:86:5)
(node:4121) UnhandledPromiseRejectionWarning: Unhandled promise rejection. This error originated either by throwing inside of an async function without a catch block, or by rejecting a promise which was not handled with .catch(). (rejection id: 36)
(node:4121) UnhandledPromiseRejectionWarning: TypeError: Cannot read property 'toObject' of null
    at router.get (/home/ubuntu/silkroads/router/resource.js:22:39)
    at processTicksAndRejections (internal/process/task_queues.js:86:5)
(node:4121) UnhandledPromiseRejectionWarning: Unhandled promise rejection. This error originated either by throwing inside of an async function without a catch block, or by rejecting a promise which was not handled with .catch(). (rejection id: 37)
(node:4121) UnhandledPromiseRejectionWarning: TypeError: Cannot read property 'toObject' of null
    at router.get (/home/ubuntu/silkroads/router/resource.js:22:39)
    at processTicksAndRejections (internal/process/task_queues.js:86:5)
(node:4121) UnhandledPromiseRejectionWarning: Unhandled promise rejection. This error originated either by throwing inside of an async function without a catch block, or by rejecting a promise which was not handled with .catch(). (rejection id: 38)
(node:4121) UnhandledPromiseRejectionWarning: TypeError: Cannot read property 'toObject' of null
    at router.get (/home/ubuntu/silkroads/router/resource.js:22:39)
    at processTicksAndRejections (internal/process/task_queues.js:86:5)
(node:4121) UnhandledPromiseRejectionWarning: Unhandled promise rejection. This error originated either by throwing inside of an async function without a catch block, or by rejecting a promise which was not handled with .catch(). (rejection id: 39)
(node:4121) UnhandledPromiseRejectionWarning: TypeError: Cannot read property 'toObject' of null
    at router.get (/home/ubuntu/silkroads/router/resource.js:22:39)
    at processTicksAndRejections (internal/process/task_queues.js:86:5)
(node:4121) UnhandledPromiseRejectionWarning: Unhandled promise rejection. This error originated either by throwing inside of an async function without a catch block, or by rejecting a promise which was not handled with .catch(). (rejection id: 40)
(node:4121) UnhandledPromiseRejectionWarning: TypeError: Cannot read property 'toObject' of null
    at router.get (/home/ubuntu/silkroads/router/resource.js:22:39)
    at processTicksAndRejections (internal/process/task_queues.js:86:5)
(node:4121) UnhandledPromiseRejectionWarning: Unhandled promise rejection. This error originated either by throwing inside of an async function without a catch block, or by rejecting a promise which was not handled with .catch(). (rejection id: 41)
(node:4121) UnhandledPromiseRejectionWarning: TypeError: Cannot read property 'toObject' of null
    at router.get (/home/ubuntu/silkroads/router/resource.js:22:39)
    at processTicksAndRejections (internal/process/task_queues.js:86:5)
(node:4121) UnhandledPromiseRejectionWarning: Unhandled promise rejection. This error originated either by throwing inside of an async function without a catch block, or by rejecting a promise which was not handled with .catch(). (rejection id: 42)
(node:4121) UnhandledPromiseRejectionWarning: TypeError: Cannot read property 'toObject' of null
    at router.get (/home/ubuntu/silkroads/router/resource.js:22:39)
    at processTicksAndRejections (internal/process/task_queues.js:86:5)
(node:4121) UnhandledPromiseRejectionWarning: Unhandled promise rejection. This error originated either by throwing inside of an async function without a catch block, or by rejecting a promise which was not handled with .catch(). (rejection id: 43)
(node:4121) UnhandledPromiseRejectionWarning: TypeError: Cannot read property 'toObject' of null
    at router.get (/home/ubuntu/silkroads/router/resource.js:22:39)
    at processTicksAndRejections (internal/process/task_queues.js:86:5)
(node:4121) UnhandledPromiseRejectionWarning: Unhandled promise rejection. This error originated either by throwing inside of an async function without a catch block, or by rejecting a promise which was not handled with .catch(). (rejection id: 44)
(node:4121) UnhandledPromiseRejectionWarning: TypeError: Cannot read property 'toObject' of null
    at router.get (/home/ubuntu/silkroads/router/resource.js:22:39)
    at processTicksAndRejections (internal/process/task_queues.js:86:5)
(node:4121) UnhandledPromiseRejectionWarning: Unhandled promise rejection. This error originated either by throwing inside of an async function without a catch block, or by rejecting a promise which was not handled with .catch(). (rejection id: 45)
(node:4121) UnhandledPromiseRejectionWarning: TypeError: Cannot read property 'toObject' of null
    at router.get (/home/ubuntu/silkroads/router/resource.js:22:39)
    at processTicksAndRejections (internal/process/task_queues.js:86:5)
(node:4121) UnhandledPromiseRejectionWarning: Unhandled promise rejection. This error originated either by throwing inside of an async function without a catch block, or by rejecting a promise which was not handled with .catch(). (rejection id: 46)
(node:4121) UnhandledPromiseRejectionWarning: TypeError: Cannot read property 'toObject' of null
    at router.get (/home/ubuntu/silkroads/router/resource.js:22:39)
    at processTicksAndRejections (internal/process/task_queues.js:86:5)
(node:4121) UnhandledPromiseRejectionWarning: Unhandled promise rejection. This error originated either by throwing inside of an async function without a catch block, or by rejecting a promise which was not handled with .catch(). (rejection id: 47)
(node:4121) UnhandledPromiseRejectionWarning: TypeError: Cannot read property 'toObject' of null
    at router.get (/home/ubuntu/silkroads/router/resource.js:22:39)
    at processTicksAndRejections (internal/process/task_queues.js:86:5)
(node:4121) UnhandledPromiseRejectionWarning: Unhandled promise rejection. This error originated either by throwing inside of an async function without a catch block, or by rejecting a promise which was not handled with .catch(). (rejection id: 48)
(node:4121) UnhandledPromiseRejectionWarning: TypeError: Cannot read property 'toObject' of null
    at router.get (/home/ubuntu/silkroads/router/resource.js:22:39)
    at processTicksAndRejections (internal/process/task_queues.js:86:5)
(node:4121) UnhandledPromiseRejectionWarning: Unhandled promise rejection. This error originated either by throwing inside of an async function without a catch block, or by rejecting a promise which was not handled with .catch(). (rejection id: 49)
(node:4121) UnhandledPromiseRejectionWarning: TypeError: Cannot read property 'toObject' of null
    at router.get (/home/ubuntu/silkroads/router/resource.js:22:39)
    at processTicksAndRejections (internal/process/task_queues.js:86:5)
(node:4121) UnhandledPromiseRejectionWarning: Unhandled promise rejection. This error originated either by throwing inside of an async function without a catch block, or by rejecting a promise which was not handled with .catch(). (rejection id: 50)
(node:4121) UnhandledPromiseRejectionWarning: TypeError: Cannot read property 'toObject' of null
    at router.get (/home/ubuntu/silkroads/router/resource.js:22:39)
    at processTicksAndRejections (internal/process/task_queues.js:86:5)
(node:4121) UnhandledPromiseRejectionWarning: Unhandled promise rejection. This error originated either by throwing inside of an async function without a catch block, or by rejecting a promise which was not handled with .catch(). (rejection id: 51)
(node:4121) UnhandledPromiseRejectionWarning: TypeError: Cannot read property 'toObject' of null
    at router.get (/home/ubuntu/silkroads/router/resource.js:22:39)
    at processTicksAndRejections (internal/process/task_queues.js:86:5)
(node:4121) UnhandledPromiseRejectionWarning: Unhandled promise rejection. This error originated either by throwing inside of an async function without a catch block, or by rejecting a promise which was not handled with .catch(). (rejection id: 52)
(node:4121) UnhandledPromiseRejectionWarning: TypeError: Cannot read property 'toObject' of null
    at router.get (/home/ubuntu/silkroads/router/resource.js:22:39)
    at processTicksAndRejections (internal/process/task_queues.js:86:5)
(node:4121) UnhandledPromiseRejectionWarning: Unhandled promise rejection. This error originated either by throwing inside of an async function without a catch block, or by rejecting a promise which was not handled with .catch(). (rejection id: 53)
(node:4121) UnhandledPromiseRejectionWarning: TypeError: Cannot read property 'toObject' of null
    at router.get (/home/ubuntu/silkroads/router/resource.js:22:39)
    at processTicksAndRejections (internal/process/task_queues.js:86:5)
(node:4121) UnhandledPromiseRejectionWarning: Unhandled promise rejection. This error originated either by throwing inside of an async function without a catch block, or by rejecting a promise which was not handled with .catch(). (rejection id: 54)
(node:4121) UnhandledPromiseRejectionWarning: TypeError: Cannot read property 'toObject' of null
    at router.get (/home/ubuntu/silkroads/router/resource.js:22:39)
    at processTicksAndRejections (internal/process/task_queues.js:86:5)
(node:4121) UnhandledPromiseRejectionWarning: Unhandled promise rejection. This error originated either by throwing inside of an async function without a catch block, or by rejecting a promise which was not handled with .catch(). (rejection id: 55)
(node:4121) UnhandledPromiseRejectionWarning: TypeError: Cannot read property 'toObject' of null
    at router.get (/home/ubuntu/silkroads/router/resource.js:22:39)
    at processTicksAndRejections (internal/process/task_queues.js:86:5)
(node:4121) UnhandledPromiseRejectionWarning: Unhandled promise rejection. This error originated either by throwing inside of an async function without a catch block, or by rejecting a promise which was not handled with .catch(). (rejection id: 56)
(node:4121) UnhandledPromiseRejectionWarning: TypeError: Cannot read property 'toObject' of null
    at router.get (/home/ubuntu/silkroads/router/resource.js:22:39)
    at processTicksAndRejections (internal/process/task_queues.js:86:5)
(node:4121) UnhandledPromiseRejectionWarning: Unhandled promise rejection. This error originated either by throwing inside of an async function without a catch block, or by rejecting a promise which was not handled with .catch(). (rejection id: 57)
(node:4121) UnhandledPromiseRejectionWarning: TypeError: Cannot read property 'toObject' of null
    at router.get (/home/ubuntu/silkroads/router/resource.js:22:39)
    at processTicksAndRejections (internal/process/task_queues.js:86:5)
(node:4121) UnhandledPromiseRejectionWarning: Unhandled promise rejection. This error originated either by throwing inside of an async function without a catch block, or by rejecting a promise which was not handled with .catch(). (rejection id: 58)
(node:4121) UnhandledPromiseRejectionWarning: TypeError: Cannot read property 'toObject' of null
    at router.get (/home/ubuntu/silkroads/router/resource.js:22:39)
    at processTicksAndRejections (internal/process/task_queues.js:86:5)
(node:4121) UnhandledPromiseRejectionWarning: Unhandled promise rejection. This error originated either by throwing inside of an async function without a catch block, or by rejecting a promise which was not handled with .catch(). (rejection id: 59)
(node:4121) UnhandledPromiseRejectionWarning: TypeError: Cannot read property 'toObject' of null
    at router.get (/home/ubuntu/silkroads/router/resource.js:22:39)
    at processTicksAndRejections (internal/process/task_queues.js:86:5)
(node:4121) UnhandledPromiseRejectionWarning: Unhandled promise rejection. This error originated either by throwing inside of an async function without a catch block, or by rejecting a promise which was not handled with .catch(). (rejection id: 60)
(node:4121) UnhandledPromiseRejectionWarning: TypeError: Cannot read property 'toObject' of null
    at router.get (/home/ubuntu/silkroads/router/resource.js:22:39)
    at processTicksAndRejections (internal/process/task_queues.js:86:5)
(node:4121) UnhandledPromiseRejectionWarning: Unhandled promise rejection. This error originated either by throwing inside of an async function without a catch block, or by rejecting a promise which was not handled with .catch(). (rejection id: 61)
(node:4121) UnhandledPromiseRejectionWarning: TypeError: Cannot read property 'toObject' of null
    at router.get (/home/ubuntu/silkroads/router/resource.js:22:39)
    at processTicksAndRejections (internal/process/task_queues.js:86:5)
(node:4121) UnhandledPromiseRejectionWarning: Unhandled promise rejection. This error originated either by throwing inside of an async function without a catch block, or by rejecting a promise which was not handled with .catch(). (rejection id: 62)
(node:4121) UnhandledPromiseRejectionWarning: TypeError: Cannot read property 'toObject' of null
    at router.get (/home/ubuntu/silkroads/router/resource.js:22:39)
    at processTicksAndRejections (internal/process/task_queues.js:86:5)
(node:4121) UnhandledPromiseRejectionWarning: Unhandled promise rejection. This error originated either by throwing inside of an async function without a catch block, or by rejecting a promise which was not handled with .catch(). (rejection id: 63)
(node:4121) UnhandledPromiseRejectionWarning: TypeError: Cannot read property 'toObject' of null
    at router.get (/home/ubuntu/silkroads/router/resource.js:22:39)
    at processTicksAndRejections (internal/process/task_queues.js:86:5)
(node:4121) UnhandledPromiseRejectionWarning: Unhandled promise rejection. This error originated either by throwing inside of an async function without a catch block, or by rejecting a promise which was not handled with .catch(). (rejection id: 64)
(node:4121) UnhandledPromiseRejectionWarning: TypeError: Cannot read property 'toObject' of null
    at router.get (/home/ubuntu/silkroads/router/resource.js:22:39)
    at processTicksAndRejections (internal/process/task_queues.js:86:5)
(node:4121) UnhandledPromiseRejectionWarning: Unhandled promise rejection. This error originated either by throwing inside of an async function without a catch block, or by rejecting a promise which was not handled with .catch(). (rejection id: 65)
(node:4121) UnhandledPromiseRejectionWarning: TypeError: Cannot read property 'toObject' of null
    at router.get (/home/ubuntu/silkroads/router/resource.js:22:39)
    at processTicksAndRejections (internal/process/task_queues.js:86:5)
(node:4121) UnhandledPromiseRejectionWarning: Unhandled promise rejection. This error originated either by throwing inside of an async function without a catch block, or by rejecting a promise which was not handled with .catch(). (rejection id: 66)
(node:4121) UnhandledPromiseRejectionWarning: TypeError: Cannot read property 'toObject' of null
    at router.get (/home/ubuntu/silkroads/router/resource.js:22:39)
    at processTicksAndRejections (internal/process/task_queues.js:86:5)
(node:4121) UnhandledPromiseRejectionWarning: Unhandled promise rejection. This error originated either by throwing inside of an async function without a catch block, or by rejecting a promise which was not handled with .catch(). (rejection id: 67)
(node:4121) UnhandledPromiseRejectionWarning: TypeError: Cannot read property 'toObject' of null
    at router.get (/home/ubuntu/silkroads/router/resource.js:22:39)
    at processTicksAndRejections (internal/process/task_queues.js:86:5)
(node:4121) UnhandledPromiseRejectionWarning: Unhandled promise rejection. This error originated either by throwing inside of an async function without a catch block, or by rejecting a promise which was not handled with .catch(). (rejection id: 68)
(node:4121) UnhandledPromiseRejectionWarning: TypeError: Cannot read property 'toObject' of null
    at router.get (/home/ubuntu/silkroads/router/resource.js:22:39)
    at processTicksAndRejections (internal/process/task_queues.js:86:5)
(node:4121) UnhandledPromiseRejectionWarning: Unhandled promise rejection. This error originated either by throwing inside of an async function without a catch block, or by rejecting a promise which was not handled with .catch(). (rejection id: 69)
(node:4121) UnhandledPromiseRejectionWarning: TypeError: Cannot read property 'toObject' of null
    at router.get (/home/ubuntu/silkroads/router/resource.js:22:39)
    at processTicksAndRejections (internal/process/task_queues.js:86:5)
(node:4121) UnhandledPromiseRejectionWarning: Unhandled promise rejection. This error originated either by throwing inside of an async function without a catch block, or by rejecting a promise which was not handled with .catch(). (rejection id: 70)
currentPage : /
testtttt : undefined
(node:4121) UnhandledPromiseRejectionWarning: TypeError: Cannot read property 'toObject' of null
    at router.get (/home/ubuntu/silkroads/router/resource.js:22:39)
    at processTicksAndRejections (internal/process/task_queues.js:86:5)
(node:4121) UnhandledPromiseRejectionWarning: Unhandled promise rejection. This error originated either by throwing inside of an async function without a catch block, or by rejecting a promise which was not handled with .catch(). (rejection id: 71)
(node:4121) UnhandledPromiseRejectionWarning: TypeError: Cannot read property 'toObject' of null
    at router.get (/home/ubuntu/silkroads/router/resource.js:22:39)
    at processTicksAndRejections (internal/process/task_queues.js:86:5)
(node:4121) UnhandledPromiseRejectionWarning: Unhandled promise rejection. This error originated either by throwing inside of an async function without a catch block, or by rejecting a promise which was not handled with .catch(). (rejection id: 72)
(node:4121) UnhandledPromiseRejectionWarning: TypeError: Cannot read property 'toObject' of null
    at router.get (/home/ubuntu/silkroads/router/resource.js:22:39)
    at processTicksAndRejections (internal/process/task_queues.js:86:5)
(node:4121) UnhandledPromiseRejectionWarning: Unhandled promise rejection. This error originated either by throwing inside of an async function without a catch block, or by rejecting a promise which was not handled with .catch(). (rejection id: 73)
(node:4121) UnhandledPromiseRejectionWarning: TypeError: Cannot read property 'toObject' of null
    at router.get (/home/ubuntu/silkroads/router/resource.js:22:39)
    at processTicksAndRejections (internal/process/task_queues.js:86:5)
(node:4121) UnhandledPromiseRejectionWarning: Unhandled promise rejection. This error originated either by throwing inside of an async function without a catch block, or by rejecting a promise which was not handled with .catch(). (rejection id: 74)
(node:4121) UnhandledPromiseRejectionWarning: TypeError: Cannot read property 'toObject' of null
    at router.get (/home/ubuntu/silkroads/router/resource.js:22:39)
    at processTicksAndRejections (internal/process/task_queues.js:86:5)
(node:4121) UnhandledPromiseRejectionWarning: Unhandled promise rejection. This error originated either by throwing inside of an async function without a catch block, or by rejecting a promise which was not handled with .catch(). (rejection id: 75)
(node:4121) UnhandledPromiseRejectionWarning: TypeError: Cannot read property 'toObject' of null
    at router.get (/home/ubuntu/silkroads/router/resource.js:22:39)
    at processTicksAndRejections (internal/process/task_queues.js:86:5)
(node:4121) UnhandledPromiseRejectionWarning: Unhandled promise rejection. This error originated either by throwing inside of an async function without a catch block, or by rejecting a promise which was not handled with .catch(). (rejection id: 76)
(node:4121) UnhandledPromiseRejectionWarning: TypeError: Cannot read property 'toObject' of null
    at router.get (/home/ubuntu/silkroads/router/resource.js:22:39)
    at processTicksAndRejections (internal/process/task_queues.js:86:5)
(node:4121) UnhandledPromiseRejectionWarning: Unhandled promise rejection. This error originated either by throwing inside of an async function without a catch block, or by rejecting a promise which was not handled with .catch(). (rejection id: 77)
(node:4121) UnhandledPromiseRejectionWarning: TypeError: Cannot read property 'toObject' of null
    at router.get (/home/ubuntu/silkroads/router/resource.js:22:39)
    at processTicksAndRejections (internal/process/task_queues.js:86:5)
(node:4121) UnhandledPromiseRejectionWarning: Unhandled promise rejection. This error originated either by throwing inside of an async function without a catch block, or by rejecting a promise which was not handled with .catch(). (rejection id: 78)
(node:4121) UnhandledPromiseRejectionWarning: TypeError: Cannot read property 'toObject' of null
    at router.get (/home/ubuntu/silkroads/router/resource.js:22:39)
    at processTicksAndRejections (internal/process/task_queues.js:86:5)
(node:4121) UnhandledPromiseRejectionWarning: Unhandled promise rejection. This error originated either by throwing inside of an async function without a catch block, or by rejecting a promise which was not handled with .catch(). (rejection id: 79)
(node:4121) UnhandledPromiseRejectionWarning: TypeError: Cannot read property 'toObject' of null
    at router.get (/home/ubuntu/silkroads/router/resource.js:22:39)
    at processTicksAndRejections (internal/process/task_queues.js:86:5)
(node:4121) UnhandledPromiseRejectionWarning: Unhandled promise rejection. This error originated either by throwing inside of an async function without a catch block, or by rejecting a promise which was not handled with .catch(). (rejection id: 80)
(node:4121) UnhandledPromiseRejectionWarning: TypeError: Cannot read property 'toObject' of null
    at router.get (/home/ubuntu/silkroads/router/resource.js:22:39)
    at processTicksAndRejections (internal/process/task_queues.js:86:5)
(node:4121) UnhandledPromiseRejectionWarning: Unhandled promise rejection. This error originated either by throwing inside of an async function without a catch block, or by rejecting a promise which was not handled with .catch(). (rejection id: 81)
(node:4121) UnhandledPromiseRejectionWarning: TypeError: Cannot read property 'toObject' of null
    at router.get (/home/ubuntu/silkroads/router/resource.js:22:39)
    at processTicksAndRejections (internal/process/task_queues.js:86:5)
(node:4121) UnhandledPromiseRejectionWarning: Unhandled promise rejection. This error originated either by throwing inside of an async function without a catch block, or by rejecting a promise which was not handled with .catch(). (rejection id: 82)
(node:4121) UnhandledPromiseRejectionWarning: TypeError: Cannot read property 'toObject' of null
    at router.get (/home/ubuntu/silkroads/router/resource.js:22:39)
    at processTicksAndRejections (internal/process/task_queues.js:86:5)
(node:4121) UnhandledPromiseRejectionWarning: Unhandled promise rejection. This error originated either by throwing inside of an async function without a catch block, or by rejecting a promise which was not handled with .catch(). (rejection id: 83)
(node:4121) UnhandledPromiseRejectionWarning: TypeError: Cannot read property 'toObject' of null
    at router.get (/home/ubuntu/silkroads/router/resource.js:22:39)
    at processTicksAndRejections (internal/process/task_queues.js:86:5)
(node:4121) UnhandledPromiseRejectionWarning: Unhandled promise rejection. This error originated either by throwing inside of an async function without a catch block, or by rejecting a promise which was not handled with .catch(). (rejection id: 84)
(node:4121) UnhandledPromiseRejectionWarning: TypeError: Cannot read property 'toObject' of null
    at router.get (/home/ubuntu/silkroads/router/resource.js:22:39)
    at processTicksAndRejections (internal/process/task_queues.js:86:5)
(node:4121) UnhandledPromiseRejectionWarning: Unhandled promise rejection. This error originated either by throwing inside of an async function without a catch block, or by rejecting a promise which was not handled with .catch(). (rejection id: 85)
(node:4121) UnhandledPromiseRejectionWarning: TypeError: Cannot read property 'toObject' of null
    at router.get (/home/ubuntu/silkroads/router/resource.js:22:39)
    at processTicksAndRejections (internal/process/task_queues.js:86:5)
(node:4121) UnhandledPromiseRejectionWarning: Unhandled promise rejection. This error originated either by throwing inside of an async function without a catch block, or by rejecting a promise which was not handled with .catch(). (rejection id: 86)
(node:4121) UnhandledPromiseRejectionWarning: TypeError: Cannot read property 'toObject' of null
    at router.get (/home/ubuntu/silkroads/router/resource.js:22:39)
    at processTicksAndRejections (internal/process/task_queues.js:86:5)
(node:4121) UnhandledPromiseRejectionWarning: Unhandled promise rejection. This error originated either by throwing inside of an async function without a catch block, or by rejecting a promise which was not handled with .catch(). (rejection id: 87)
(node:4121) UnhandledPromiseRejectionWarning: TypeError: Cannot read property 'toObject' of null
    at router.get (/home/ubuntu/silkroads/router/resource.js:22:39)
    at processTicksAndRejections (internal/process/task_queues.js:86:5)
(node:4121) UnhandledPromiseRejectionWarning: Unhandled promise rejection. This error originated either by throwing inside of an async function without a catch block, or by rejecting a promise which was not handled with .catch(). (rejection id: 88)
(node:4121) UnhandledPromiseRejectionWarning: TypeError: Cannot read property 'toObject' of null
    at router.get (/home/ubuntu/silkroads/router/resource.js:22:39)
    at processTicksAndRejections (internal/process/task_queues.js:86:5)
(node:4121) UnhandledPromiseRejectionWarning: Unhandled promise rejection. This error originated either by throwing inside of an async function without a catch block, or by rejecting a promise which was not handled with .catch(). (rejection id: 89)
(node:4121) UnhandledPromiseRejectionWarning: TypeError: Cannot read property 'toObject' of null
    at router.get (/home/ubuntu/silkroads/router/resource.js:22:39)
    at processTicksAndRejections (internal/process/task_queues.js:86:5)
(node:4121) UnhandledPromiseRejectionWarning: Unhandled promise rejection. This error originated either by throwing inside of an async function without a catch block, or by rejecting a promise which was not handled with .catch(). (rejection id: 90)
(node:4121) UnhandledPromiseRejectionWarning: TypeError: Cannot read property 'toObject' of null
    at router.get (/home/ubuntu/silkroads/router/resource.js:22:39)
    at processTicksAndRejections (internal/process/task_queues.js:86:5)
(node:4121) UnhandledPromiseRejectionWarning: Unhandled promise rejection. This error originated either by throwing inside of an async function without a catch block, or by rejecting a promise which was not handled with .catch(). (rejection id: 91)
currentPage : /
testtttt : undefined
currentPage : /
testtttt : undefined
currentPage : /facet/Seminar
testtttt : undefined
currentPage : /facet/Keyword
testtttt : undefined
currentPage : /facet/Discussion
testtttt : undefined
currentPage : /facet/Work
testtttt : undefined
currentPage : /facet/Event
testtttt : undefined
currentPage : /
testtttt : undefined
currentPage : /facet/Seminar
testtttt : undefined
(node:4121) UnhandledPromiseRejectionWarning: TypeError: Cannot read property '@value' of undefined
    at Object.keys.forEach.key (/home/ubuntu/silkroads/router/resource.js:79:72)
    at Array.forEach (<anonymous>)
    at router.get (/home/ubuntu/silkroads/router/resource.js:76:31)
    at processTicksAndRejections (internal/process/task_queues.js:86:5)
(node:4121) UnhandledPromiseRejectionWarning: Unhandled promise rejection. This error originated either by throwing inside of an async function without a catch block, or by rejecting a promise which was not handled with .catch(). (rejection id: 92)
currentPage : /resource/%ED%95%9C%EC%96%91%EB%8F%84%EC%84%B1_%ED%83%80%EC%9E%84%EB%A8%B8%EC%8B%A0_%EC%8B%9C%EB%A7%A8%ED%8B%B1_%EB%8D%B0%EC%9D%B4%ED%84%B0_%EC%95%84%EC%B9%B4%EC%9D%B4%EB%B8%8C-%EB%94%94%EC%A7%80%ED%84%B8_%EC%9D%B8%EB%AC%B8%ED%95%99_%EC%97%B0%EA%B5%AC%EC%82%AC%EB%A1%80
testtttt : undefined
currentPage : /resource/%EC%8B%A4%ED%81%AC%EB%A1%9C%EB%93%9C%EC%99%80_%EC%A4%91%EC%95%99%EC%95%84%EC%8B%9C%EC%95%84_%ED%8B%B0%EB%AC%B4%EB%A5%B4_%EC%8B%9C%EB%8C%80%EC%97%90_%EC%82%AC%EB%A7%88%EB%A5%B4%EC%B9%B8%ED%8A%B8%EC%99%80_%EB%B6%80%ED%95%98%EB%9D%BC
testtttt : undefined
(node:4121) UnhandledPromiseRejectionWarning: TypeError: Cannot read property '@value' of undefined
    at Object.keys.forEach.key (/home/ubuntu/silkroads/router/resource.js:79:72)
    at Array.forEach (<anonymous>)
    at router.get (/home/ubuntu/silkroads/router/resource.js:76:31)
    at processTicksAndRejections (internal/process/task_queues.js:86:5)
(node:4121) UnhandledPromiseRejectionWarning: Unhandled promise rejection. This error originated either by throwing inside of an async function without a catch block, or by rejecting a promise which was not handled with .catch(). (rejection id: 93)
currentPage : /facet/Keyword
testtttt : undefined
currentPage : /resource/%EC%A4%91%ED%99%94%EA%B6%8C_%ED%95%9C%EA%B5%AD%ED%95%99
testtttt : undefined
currentPage : /resource/%EA%B0%9C%EB%B0%A9%EC%84%B1
testtttt : undefined
currentPage : /resource/%EC%A0%80%EC%9E%90%EB%B3%84_%EB%85%BC%EB%AC%B8_%EC%83%9D%EC%82%B0
testtttt : undefined
currentPage : /resource/%ED%95%9C%EC%A4%91%EC%88%98%EA%B5%90
testtttt : undefined
currentPage : /facet/Collection
testtttt : undefined
currentPage : /sitemap
testtttt : undefined
currentPage : /resource/%EC%8B%A4%ED%81%AC%EB%A1%9C%EB%93%9C
testtttt : undefined
currentPage : /facet/Seminar
testtttt : undefined
currentPage : /resource/%EC%8B%A4%ED%81%AC%EB%A1%9C%EB%93%9C%EC%99%80_%EC%A4%91%EC%95%99%EC%95%84%EC%8B%9C%EC%95%84_%ED%8B%B0%EB%AC%B4%EB%A5%B4_%EC%8B%9C%EB%8C%80%EC%97%90_%EC%82%AC%EB%A7%88%EB%A5%B4%EC%B9%B8%ED%8A%B8%EC%99%80_%EB%B6%80%ED%95%98%EB%9D%BC
testtttt : undefined
currentPage : /resource/%EB%8D%B0%EC%9D%B4%ED%84%B0_%EB%85%B8%EB%A7%88%EB%94%94%EC%A6%98
testtttt : undefined
currentPage : /resource/%EC%8B%A4%ED%81%AC%EB%A1%9C%EB%93%9C%EC%99%80_%EB%B9%84%EC%9E%94%ED%8B%B4_%EC%A0%9C%EA%B5%AD%EC%9D%98_%EC%BD%98%EC%8A%A4%ED%83%84%ED%8B%B0%EB%85%B8%EB%B8%94
testtttt : undefined
currentPage : /resource/%EA%B7%B8%EB%A6%AC%EC%8A%A4
testtttt : undefined
(node:4121) UnhandledPromiseRejectionWarning: TypeError: Cannot read property '@value' of undefined
    at Object.keys.forEach.key (/home/ubuntu/silkroads/router/resource.js:79:72)
    at Array.forEach (<anonymous>)
    at router.get (/home/ubuntu/silkroads/router/resource.js:76:31)
    at processTicksAndRejections (internal/process/task_queues.js:86:5)
(node:4121) UnhandledPromiseRejectionWarning: Unhandled promise rejection. This error originated either by throwing inside of an async function without a catch block, or by rejecting a promise which was not handled with .catch(). (rejection id: 94)
(node:4121) UnhandledPromiseRejectionWarning: TypeError: Cannot read property '@value' of undefined
    at Object.keys.forEach.key (/home/ubuntu/silkroads/router/resource.js:79:72)
    at Array.forEach (<anonymous>)
    at router.get (/home/ubuntu/silkroads/router/resource.js:76:31)
    at processTicksAndRejections (internal/process/task_queues.js:86:5)
(node:4121) UnhandledPromiseRejectionWarning: Unhandled promise rejection. This error originated either by throwing inside of an async function without a catch block, or by rejecting a promise which was not handled with .catch(). (rejection id: 95)
(node:4121) UnhandledPromiseRejectionWarning: TypeError: Cannot read property '@value' of undefined
    at Object.keys.forEach.key (/home/ubuntu/silkroads/router/resource.js:79:72)
    at Array.forEach (<anonymous>)
    at router.get (/home/ubuntu/silkroads/router/resource.js:76:31)
    at processTicksAndRejections (internal/process/task_queues.js:86:5)
(node:4121) UnhandledPromiseRejectionWarning: Unhandled promise rejection. This error originated either by throwing inside of an async function without a catch block, or by rejecting a promise which was not handled with .catch(). (rejection id: 96)
(node:4121) UnhandledPromiseRejectionWarning: TypeError: Cannot read property '@value' of undefined
    at Object.keys.forEach.key (/home/ubuntu/silkroads/router/resource.js:79:72)
    at Array.forEach (<anonymous>)
    at router.get (/home/ubuntu/silkroads/router/resource.js:76:31)
    at processTicksAndRejections (internal/process/task_queues.js:86:5)
(node:4121) UnhandledPromiseRejectionWarning: Unhandled promise rejection. This error originated either by throwing inside of an async function without a catch block, or by rejecting a promise which was not handled with .catch(). (rejection id: 97)
currentPage : /resource/%EC%8B%A4%ED%81%AC%EB%A1%9C%EB%93%9C%EC%99%80_%EC%A4%91%EC%95%99%EC%95%84%EC%8B%9C%EC%95%84_%ED%8B%B0%EB%AC%B4%EB%A5%B4_%EC%8B%9C%EB%8C%80%EC%97%90_%EC%82%AC%EB%A7%88%EB%A5%B4%EC%B9%B8%ED%8A%B8%EC%99%80_%EB%B6%80%ED%95%98%EB%9D%BC
testtttt : undefined
currentPage : /facet/Event
testtttt : undefined
currentPage : /resource/%EC%BC%80%EC%9D%B4%ED%8C%9D%EC%9D%98_%EB%93%B1%EC%9E%A5
testtttt : undefined
currentPage : /resource/%EB%AC%B4%EC%8B%A0%EB%85%84%EC%A7%84%EC%B0%AC
testtttt : undefined
(node:4121) UnhandledPromiseRejectionWarning: TypeError: Cannot read property '@value' of undefined
    at Object.keys.forEach.key (/home/ubuntu/silkroads/router/resource.js:79:72)
    at Array.forEach (<anonymous>)
    at router.get (/home/ubuntu/silkroads/router/resource.js:76:31)
    at processTicksAndRejections (internal/process/task_queues.js:86:5)
(node:4121) UnhandledPromiseRejectionWarning: Unhandled promise rejection. This error originated either by throwing inside of an async function without a catch block, or by rejecting a promise which was not handled with .catch(). (rejection id: 98)
currentPage : /resource/%ED%95%9C%EA%B5%AD%EC%A0%84%EC%9F%81
testtttt : undefined
currentPage : /
testtttt : undefined
currentPage : /facet/Seminar
testtttt : undefined
currentPage : /resource/%EC%A4%91%EA%B5%AD%EC%97%90%EC%84%9C%EC%9D%98_%ED%95%9C%EA%B5%AD_%EC%97%AD%EC%82%AC_%EC%97%B0%EA%B5%AC_%ED%98%84%ED%99%A9_%EB%B6%84%EC%84%9D
testtttt : undefined
currentPage : /resource/%EC%9E%84%EC%8B%9C%EC%A0%95%EB%B6%80
testtttt : undefined
(node:4121) UnhandledPromiseRejectionWarning: TypeError: Cannot read property '@value' of undefined
    at Object.keys.forEach.key (/home/ubuntu/silkroads/router/resource.js:79:72)
    at Array.forEach (<anonymous>)
    at router.get (/home/ubuntu/silkroads/router/resource.js:76:31)
    at processTicksAndRejections (internal/process/task_queues.js:86:5)
(node:4121) UnhandledPromiseRejectionWarning: Unhandled promise rejection. This error originated either by throwing inside of an async function without a catch block, or by rejecting a promise which was not handled with .catch(). (rejection id: 99)
currentPage : /resource/%ED%95%9C%EA%B5%AD%EB%8F%85%EB%A6%BD%EC%9A%B4%EB%8F%99
testtttt : undefined
currentPage : /facet/Heritage
testtttt : undefined
currentPage : /facet/Heritage
testtttt : undefined
currentPage : /resource/%EC%95%84%EC%95%BC_%EC%86%8C%ED%94%BC%EC%95%84_%EC%84%B1%EB%8B%B9
testtttt : undefined
currentPage : /facet/Topic
testtttt : undefined
currentPage : /facet/Event
testtttt : undefined
currentPage : /facet/Work
testtttt : undefined
currentPage : /facet/Discussion
testtttt : undefined
currentPage : /facet/Closing_remarks
testtttt : undefined
currentPage : /facet/Keyword
testtttt : undefined
currentPage : /resource/%EB%94%94%EC%A7%80%ED%84%B8_%EC%95%84%EC%B9%B4%EC%9D%B4%EB%B8%8C_%ED%94%8C%EB%9E%AB%ED%8F%BC
testtttt : undefined
currentPage : /resource/%ED%95%9C%EC%96%91%EB%8F%84%EC%84%B1_%ED%83%80%EC%9E%84%EB%A8%B8%EC%8B%A0_%EC%8B%9C%EB%A7%A8%ED%8B%B1_%EB%8D%B0%EC%9D%B4%ED%84%B0_%EC%95%84%EC%B9%B4%EC%9D%B4%EB%B8%8C-%EB%94%94%EC%A7%80%ED%84%B8_%EC%9D%B8%EB%AC%B8%ED%95%99_%EC%97%B0%EA%B5%AC%EC%82%AC%EB%A1%80
testtttt : undefined
(node:4121) UnhandledPromiseRejectionWarning: TypeError: Cannot read property '@value' of undefined
    at Object.keys.forEach.key (/home/ubuntu/silkroads/router/resource.js:79:72)
    at Array.forEach (<anonymous>)
    at router.get (/home/ubuntu/silkroads/router/resource.js:76:31)
    at processTicksAndRejections (internal/process/task_queues.js:86:5)
(node:4121) UnhandledPromiseRejectionWarning: Unhandled promise rejection. This error originated either by throwing inside of an async function without a catch block, or by rejecting a promise which was not handled with .catch(). (rejection id: 100)
currentPage : /facet/Seminar
testtttt : undefined
currentPage : /facet/Seminar
testtttt : undefined
currentPage : /facet/Seminar
testtttt : undefined
currentPage : /facet/Seminar
testtttt : undefined
currentPage : /resource/%EC%83%81%EC%97%85%EA%B3%BC_%EA%B5%90%ED%86%B5
testtttt : undefined
currentPage : /facet/Topic
testtttt : undefined
currentPage : /facet/Event
testtttt : undefined
currentPage : /facet/Seminar
testtttt : undefined
currentPage : /resource/%EC%9D%BC%EB%A6%AC%EC%95%BC%EC%8A%A4_%ED%98%B8%EC%9E%90
testtttt : undefined
(node:4121) UnhandledPromiseRejectionWarning: TypeError: Cannot read property '@value' of undefined
    at Object.keys.forEach.key (/home/ubuntu/silkroads/router/resource.js:79:72)
    at Array.forEach (<anonymous>)
    at router.get (/home/ubuntu/silkroads/router/resource.js:76:31)
    at processTicksAndRejections (internal/process/task_queues.js:86:5)
(node:4121) UnhandledPromiseRejectionWarning: Unhandled promise rejection. This error originated either by throwing inside of an async function without a catch block, or by rejecting a promise which was not handled with .catch(). (rejection id: 101)
currentPage : /facet/Topic
testtttt : undefined
currentPage : /facet/Event
testtttt : undefined
(node:4121) UnhandledPromiseRejectionWarning: TypeError: Cannot read property '@value' of undefined
    at Object.keys.forEach.key (/home/ubuntu/silkroads/router/resource.js:79:72)
    at Array.forEach (<anonymous>)
    at router.get (/home/ubuntu/silkroads/router/resource.js:76:31)
    at processTicksAndRejections (internal/process/task_queues.js:86:5)
(node:4121) UnhandledPromiseRejectionWarning: Unhandled promise rejection. This error originated either by throwing inside of an async function without a catch block, or by rejecting a promise which was not handled with .catch(). (rejection id: 102)
currentPage : /facet/Work
testtttt : undefined
currentPage : /resource/%EC%9E%AC%EB%AA%A9%EC%A0%81%ED%99%94
testtttt : undefined
(node:4121) UnhandledPromiseRejectionWarning: TypeError: Cannot read property '@value' of undefined
    at Object.keys.forEach.key (/home/ubuntu/silkroads/router/resource.js:79:72)
    at Array.forEach (<anonymous>)
    at router.get (/home/ubuntu/silkroads/router/resource.js:76:31)
    at processTicksAndRejections (internal/process/task_queues.js:86:5)
(node:4121) UnhandledPromiseRejectionWarning: Unhandled promise rejection. This error originated either by throwing inside of an async function without a catch block, or by rejecting a promise which was not handled with .catch(). (rejection id: 103)
currentPage : /facet/Discussion
testtttt : undefined
currentPage : /facet/Discussion
testtttt : undefined
currentPage : /facet/Keyword
testtttt : undefined
(node:4121) UnhandledPromiseRejectionWarning: TypeError: Cannot read property '@value' of undefined
    at Object.keys.forEach.key (/home/ubuntu/silkroads/router/resource.js:79:72)
    at Array.forEach (<anonymous>)
    at router.get (/home/ubuntu/silkroads/router/resource.js:76:31)
    at processTicksAndRejections (internal/process/task_queues.js:86:5)
(node:4121) UnhandledPromiseRejectionWarning: Unhandled promise rejection. This error originated either by throwing inside of an async function without a catch block, or by rejecting a promise which was not handled with .catch(). (rejection id: 104)
currentPage : /facet/Heritage
testtttt : undefined
currentPage : /resource/%EC%A4%91%EC%95%99%EC%95%84%EC%8B%9C%EC%95%84
testtttt : undefined
currentPage : /facet/Seminar
testtttt : undefined
currentPage : /facet/Topic
testtttt : undefined
currentPage : /facet/Place
testtttt : undefined
(node:4121) UnhandledPromiseRejectionWarning: TypeError: Cannot read property '@value' of undefined
    at Object.keys.forEach.key (/home/ubuntu/silkroads/router/resource.js:79:72)
    at Array.forEach (<anonymous>)
    at router.get (/home/ubuntu/silkroads/router/resource.js:76:31)
    at processTicksAndRejections (internal/process/task_queues.js:86:5)
(node:4121) UnhandledPromiseRejectionWarning: Unhandled promise rejection. This error originated either by throwing inside of an async function without a catch block, or by rejecting a promise which was not handled with .catch(). (rejection id: 105)
currentPage : /facet/Nation
testtttt : undefined
currentPage : /facet/Collection
testtttt : undefined
currentPage : /facet/Hybrid_Art
testtttt : undefined
currentPage : /facet/Hybrid_Art
testtttt : undefined
currentPage : /facet/Hybrid_Art
testtttt : undefined
currentPage : /facet/Timeline
testtttt : undefined
(node:4121) UnhandledPromiseRejectionWarning: TypeError: Cannot read property '@value' of undefined
    at Object.keys.forEach.key (/home/ubuntu/silkroads/router/resource.js:79:72)
    at Array.forEach (<anonymous>)
    at router.get (/home/ubuntu/silkroads/router/resource.js:76:31)
    at processTicksAndRejections (internal/process/task_queues.js:86:5)
(node:4121) UnhandledPromiseRejectionWarning: Unhandled promise rejection. This error originated either by throwing inside of an async function without a catch block, or by rejecting a promise which was not handled with .catch(). (rejection id: 106)
currentPage : /
testtttt : undefined
currentPage : /
testtttt : undefined
currentPage : /
testtttt : undefined
currentPage : /resource/%EC%84%9C%EB%B0%A9_%EC%A0%95%EB%B3%B5
testtttt : undefined
currentPage : /
testtttt : undefined
currentPage : /resource/%EB%AC%B4%EC%8B%A0%EB%85%84%EC%A7%84%EC%B0%AC_%EA%B3%B5%EC%97%B0
testtttt : undefined
currentPage : /resource/RDF
testtttt : undefined
currentPage : /resource/%EC%96%B8%EC%96%B4%EA%B5%AC%EC%82%AC%EB%8A%A5%EB%A0%A5
testtttt : undefined
currentPage : /resource/%EC%9A%A9%EB%B3%91%EC%A0%9C%EB%8F%84
testtttt : undefined
currentPage : /resource/%EB%A7%81%ED%81%AC%EB%93%9C%EB%8D%B0%EC%9D%B4%ED%84%B0_%EC%8A%A4%ED%83%A0%EB%8B%A4%EB%93%9C
testtttt : undefined
currentPage : /resource/RDF
testtttt : undefined
currentPage : /resource/%EB%A7%88%EC%9D%B4%ED%81%B4_%EC%9E%AD%EC%8A%A8
testtttt : undefined
currentPage : /facet/Presenter
testtttt : undefined
currentPage : /facet/Dynasty
testtttt : undefined
currentPage : /facet/Nation
testtttt : undefined
currentPage : /facet/Region
testtttt : undefined
currentPage : /facet/Panelist
testtttt : undefined
currentPage : /facet/Closing_remarks
testtttt : undefined
currentPage : /resource/%EC%A4%91%EA%B0%9C%EB%AC%B4%EC%97%AD
testtttt : undefined
currentPage : /resource/%EB%AC%B4%EC%97%AD%EC%A0%95%EC%B1%85
testtttt : undefined
currentPage : /facet/Closing_remarks
testtttt : undefined
currentPage : /facet/Nation
testtttt : undefined
currentPage : /facet/Panelist
testtttt : undefined
currentPage : /facet/Moderator
testtttt : undefined
currentPage : /facet/Moderator
testtttt : undefined
currentPage : /facet/Moderator
testtttt : undefined
currentPage : /resource/%EB%8D%B0%EC%9D%B4%ED%84%B0%EA%B0%80_21%EC%84%B8%EA%B8%B0%EC%9D%98_%EC%9B%90%EC%9C%A0%EB%9D%BC_%EB%B6%88%EB%A6%AC%EB%8A%94_%EC%9D%B4%EC%9C%A0%EB%8A%94
testtttt : undefined
currentPage : /resource/%EB%AC%B4%EC%8B%A0%EB%85%84%EC%A7%84%EC%B0%AC_%EA%B3%B5%EC%97%B0
testtttt : undefined
currentPage : /resource/%EC%9D%B8%EB%AC%B8%ED%95%99%EC%97%90_%EB%8C%80%ED%95%9C_%EC%A0%95%EC%9D%98_%EA%B3%B5%EC%9C%A0
testtttt : undefined
currentPage : /resource/%EC%9D%B4%EB%8B%A8
testtttt : undefined
currentPage : /resource/Digital_Archive
testtttt : undefined
currentPage : /resource/DBpedia
testtttt : undefined
currentPage : /resource/%ED%97%A4%EA%B2%8C%EB%AA%A8%EB%8B%88
testtttt : undefined
currentPage : /resource/%EA%B8%B0%EC%8A%AC%EC%A7%80%ED%96%A5%EC%A0%81
testtttt : undefined
currentPage : /
testtttt : undefined
currentPage : /resource/inverseOf
testtttt : undefined
currentPage : /resource/%ED%95%9C%EA%B5%AD%EC%9D%98_%EA%B5%AD%EC%A0%9C%EC%A0%81_%EC%A7%80%EC%9C%84_%EB%B3%80%ED%99%94%EC%97%90_%EB%8C%80%ED%95%9C_%EC%83%9D%EA%B0%81
testtttt : undefined
currentPage : /resource/4%EC%B0%A8_%EC%82%B0%EC%97%85_%ED%98%81%EB%AA%85%EC%8B%9C%EB%8C%80_%EC%A7%80%EC%8B%9D_%EC%83%9D%EC%84%B1_%ED%8C%A8%EB%9F%AC%EB%8B%A4%EC%9E%84_-%EC%83%88%EC%83%81%EC%9D%80_%EC%97%AE%EC%96%B4_%EB%82%B4%EB%8A%94_%EC%9E%90%EC%9D%98_%EA%B2%83%EC%9D%B4%EB%8B%A4
testtttt : undefined
currentPage : /resource/%EB%B0%95%EC%A0%95%ED%9D%AC%EC%A0%95%EA%B6%8C
testtttt : undefined
currentPage : /resource/%EB%8D%B0%EC%9D%B4%ED%84%B0%EA%B0%9C%EB%B0%A9
testtttt : undefined
currentPage : /resource/%EC%9C%A0%EB%9F%AC%ED%94%BC%EC%95%88_%EB%8D%B0%EC%9D%B4%ED%84%B0_%ED%8F%AC%ED%84%B8
testtttt : undefined
currentPage : /resource/%EB%8B%A4%EC%96%91%ED%95%9C%EC%9E%A5%EB%A5%B4_%EC%9C%B5%ED%95%A9
testtttt : undefined
currentPage : /facet/Heritage
testtttt : undefined
currentPage : /resource/%EB%8D%B0%EC%9D%B4%ED%84%B0_%EA%B0%9C%EB%B0%A9
testtttt : undefined
currentPage : /resource/%EB%8D%B0%EC%9D%B4%ED%84%B0%EC%B2%A8%EA%B0%80
testtttt : undefined
currentPage : /
testtttt : undefined
currentPage : /resource/%EB%8D%B0%EC%9D%B4%ED%84%B0_%EA%B0%9C%EB%B0%A9
testtttt : undefined
currentPage : /resource/%EB%8C%80%EB%A5%99%EA%B1%B4%EB%84%88%EA%B8%B0
testtttt : undefined
currentPage : /resource/LOD
testtttt : undefined
currentPage : /resource/%EB%A9%94%ED%83%80%EB%8D%B0%EC%9D%B4%ED%84%B0_%EC%A0%9C%EA%B3%B5
testtttt : undefined
currentPage : /resource/semantic_priming
testtttt : undefined
currentPage : /resource/%EB%8B%A4%EB%AF%BC%EC%A1%B1_%EC%82%AC%ED%9A%8C
testtttt : undefined
currentPage : /
testtttt : undefined
currentPage : /resource/%EC%9C%A0%EB%9F%AC%ED%94%BC%EC%95%88_%EB%8D%B0%EC%9D%B4%ED%84%B0_%ED%8F%AC%ED%84%B8
testtttt : undefined
currentPage : /resource/%EB%9E%91%EA%B7%B8%EC%99%80%EB%B9%A0%EB%A1%A4
testtttt : undefined
currentPage : /resource/%EC%9D%BC%EB%B3%B8
testtttt : undefined
currentPage : /resource/%EC%8B%A4%ED%81%AC_%EB%A1%9C%EB%93%9C%EB%A5%BC_%ED%86%B5%ED%95%B4_%EC%A0%84%ED%95%B4%EC%A7%84_%EA%B3%A0%EB%8C%80_%EA%B7%B8%EB%A6%AC%EC%8A%A4_%EB%AC%B8%ED%99%94%EC%9D%98_%EC%9C%A0%EC%82%B0
testtttt : undefined
currentPage : /resource/%EA%B5%AC%EA%B8%80_%EC%A0%9C%EC%A3%BC%ED%95%B4%EB%85%80_VR%EB%8B%A4%ED%81%90
testtttt : undefined
(node:4121) UnhandledPromiseRejectionWarning: TypeError: Cannot read property '@value' of undefined
    at Object.keys.forEach.key (/home/ubuntu/silkroads/router/resource.js:79:72)
    at Array.forEach (<anonymous>)
    at router.get (/home/ubuntu/silkroads/router/resource.js:76:31)
    at processTicksAndRejections (internal/process/task_queues.js:86:5)
(node:4121) UnhandledPromiseRejectionWarning: Unhandled promise rejection. This error originated either by throwing inside of an async function without a catch block, or by rejecting a promise which was not handled with .catch(). (rejection id: 107)
currentPage : /resource/%EC%A7%80%EC%8B%9D%EC%97%B0%EA%B2%B0
testtttt : undefined
currentPage : /resource/%EC%9D%B8%EB%AC%B8%ED%95%99
testtttt : undefined
currentPage : /resource/%EB%8D%B0%EC%9D%B4%ED%84%B0_%EA%B4%80%EA%B3%84%EC%84%B1
testtttt : undefined
currentPage : /resource/%EB%AA%BD%EA%B3%A8%EC%9D%B8
testtttt : undefined
currentPage : /resource/%EC%83%81%EA%B1%B0%EB%9E%98%EC%84%B8
testtttt : undefined
currentPage : /resource/%ED%95%9C%EC%96%91%EB%8F%84%EC%84%B1_%ED%83%80%EC%9E%84%EB%A8%B8%EC%8B%A0
testtttt : undefined
currentPage : /resource/%EC%97%90%ED%94%BD%ED%95%98%EC%9D%B4
testtttt : undefined
currentPage : /resource/%EC%9D%8C%EC%95%85%EC%82%B0%EC%97%85
testtttt : undefined
currentPage : /resource/%EB%AC%B4%EC%8B%A0%EB%85%84%EC%A7%84%EC%B0%AC_%EC%9D%8C%EC%8B%9D
testtttt : undefined
currentPage : /resource/%EC%9B%90%EC%A0%95
testtttt : undefined
currentPage : /resource/%EB%B9%84%EC%9E%94%ED%8B%B4%EC%A0%9C%EA%B5%AD
testtttt : undefined
currentPage : /resource/%EC%9D%80%EB%8F%84%EA%B8%88%EB%B0%B0
testtttt : undefined
currentPage : /resource/%EC%9C%A0%EC%8A%A4%ED%8B%B0%EB%8B%88%EC%9A%B0%EB%88%84%EC%8A%A4_%ED%99%A9%EC%A0%9C
testtttt : undefined
currentPage : /resource/%ED%8E%98%EC%8B%AF_%EB%84%A4%EB%B9%84%EA%B2%8C%EC%9D%B4%EC%85%98
testtttt : undefined
currentPage : /resource/%EB%AC%B4%EC%97%AD%EC%84%B8
testtttt : undefined
currentPage : /resource/%ED%8D%BC%EC%8A%A4
testtttt : undefined
currentPage : /resource/%EC%8B%9C%EB%A7%A8%ED%8B%B1_%EB%8D%B0%EC%9D%B4%ED%84%B0%EB%B2%A0%EC%9D%B4%EC%8A%A4
testtttt : undefined
currentPage : /resource/%EB%94%94%EC%A7%80%ED%84%B8_%EC%8B%A4%ED%81%AC_%EB%A1%9C%EB%93%9C_%EB%94%94%EC%A7%80%ED%84%B8_%EC%95%84%EC%B9%B4%EC%9D%B4%EB%B8%8C_%ED%94%8C%EB%9E%AB%ED%8F%BC%EA%B3%BC_%EC%84%B8%EA%B3%84_%EB%AC%B8%ED%99%94%EC%9D%98_%EC%97%B0%EA%B3%84%5Bdot%5D%EC%9C%B5%ED%95%A9
testtttt : undefined
currentPage : /resource/%EC%9D%B8%EB%AC%B8%ED%95%99
testtttt : undefined
currentPage : /resource/%EA%B0%9C%EB%85%90%EA%B3%BC_%EC%8B%A4%EC%B2%B4
testtttt : undefined
currentPage : /resource/%EB%94%94%EC%A7%80%ED%84%B8_%ED%81%90%EB%A0%88%EC%9D%B4%EC%85%98
testtttt : undefined
currentPage : /resource/BTS
testtttt : undefined
currentPage : /resource/%EA%B2%BD%EB%AC%B4%EB%8C%80
testtttt : undefined
currentPage : /resource/%EC%9C%A0%EB%AA%A9%EB%AF%BC
testtttt : undefined
(node:4121) UnhandledPromiseRejectionWarning: TypeError: Cannot read property 'toObject' of null
    at router.get (/home/ubuntu/silkroads/router/resource.js:65:31)
    at processTicksAndRejections (internal/process/task_queues.js:86:5)
(node:4121) UnhandledPromiseRejectionWarning: Unhandled promise rejection. This error originated either by throwing inside of an async function without a catch block, or by rejecting a promise which was not handled with .catch(). (rejection id: 108)
(node:4121) UnhandledPromiseRejectionWarning: TypeError: Cannot read property 'toObject' of null
    at router.get (/home/ubuntu/silkroads/router/resource.js:65:31)
    at processTicksAndRejections (internal/process/task_queues.js:86:5)
(node:4121) UnhandledPromiseRejectionWarning: Unhandled promise rejection. This error originated either by throwing inside of an async function without a catch block, or by rejecting a promise which was not handled with .catch(). (rejection id: 109)
currentPage : /resource/semantic_web
testtttt : undefined
(node:4121) UnhandledPromiseRejectionWarning: TypeError: Cannot read property 'toObject' of null
    at router.get (/home/ubuntu/silkroads/router/resource.js:65:31)
    at processTicksAndRejections (internal/process/task_queues.js:86:5)
(node:4121) UnhandledPromiseRejectionWarning: Unhandled promise rejection. This error originated either by throwing inside of an async function without a catch block, or by rejecting a promise which was not handled with .catch(). (rejection id: 110)
(node:4121) UnhandledPromiseRejectionWarning: TypeError: Cannot read property 'toObject' of null
    at router.get (/home/ubuntu/silkroads/router/resource.js:65:31)
    at processTicksAndRejections (internal/process/task_queues.js:86:5)
(node:4121) UnhandledPromiseRejectionWarning: Unhandled promise rejection. This error originated either by throwing inside of an async function without a catch block, or by rejecting a promise which was not handled with .catch(). (rejection id: 111)
(node:4121) UnhandledPromiseRejectionWarning: TypeError: Cannot read property 'toObject' of null
    at router.get (/home/ubuntu/silkroads/router/resource.js:65:31)
    at processTicksAndRejections (internal/process/task_queues.js:86:5)
(node:4121) UnhandledPromiseRejectionWarning: Unhandled promise rejection. This error originated either by throwing inside of an async function without a catch block, or by rejecting a promise which was not handled with .catch(). (rejection id: 112)
(node:4121) UnhandledPromiseRejectionWarning: TypeError: Cannot read property 'toObject' of null
    at router.get (/home/ubuntu/silkroads/router/resource.js:65:31)
    at processTicksAndRejections (internal/process/task_queues.js:86:5)
(node:4121) UnhandledPromiseRejectionWarning: Unhandled promise rejection. This error originated either by throwing inside of an async function without a catch block, or by rejecting a promise which was not handled with .catch(). (rejection id: 113)
currentPage : /resource/%EB%8F%84%EB%A9%94%EC%9D%B8%EB%B3%84_%EB%B6%84%EB%A5%98
testtttt : undefined
currentPage : /resource/%EC%A7%84%ED%9D%99%ED%83%95_%EC%A0%84%ED%88%AC
testtttt : undefined
currentPage : /resource/%EC%BB%B4%ED%93%A8%ED%84%B0_%EB%B9%84%EC%A0%84
testtttt : undefined
currentPage : /resource/%EC%9E%AC%EA%B0%80%EA%B3%B5_%EA%B0%80%EB%8A%A5
testtttt : undefined
currentPage : /resource/%ED%85%8C%EC%98%A4%EB%8F%84%EC%8B%9C%EC%9A%B0%EC%8A%A4_%ED%99%A9%EC%A0%9C
testtttt : undefined
currentPage : /resource/%EC%B0%BD%EC%9D%98%EC%84%B1%EB%B0%9C%ED%98%84
testtttt : undefined
currentPage : /resource/%EB%94%94%EC%9E%90%EC%9D%B8
testtttt : undefined
currentPage : /resource/%EC%98%A4%EC%95%84%EC%8B%9C%EC%8A%A4%EA%B8%B8
testtttt : undefined
currentPage : /resource/%EB%A1%9C%EB%A7%88%EC%A0%9C%EA%B5%AD
testtttt : undefined
currentPage : /resource/4%EC%B0%A8_%EC%82%B0%EC%97%85_%ED%98%81%EB%AA%85%EC%8B%9C%EB%8C%80_%EC%A7%80%EC%8B%9D_%EC%83%9D%EC%84%B1_%ED%8C%A8%EB%9F%AC%EB%8B%A4%EC%9E%84-%EB%8D%B0%ED%8E%98%EC%9D%B4%EC%A6%88%EB%A7%9D
testtttt : undefined
currentPage : /resource/ODI
testtttt : undefined
currentPage : /resource/%EB%94%94%EC%9E%90%EC%9D%B8
testtttt : undefined
currentPage : /resource/%EB%8D%B0%EC%9D%B4%ED%84%B0_%EA%B3%B5%EC%9C%A0
testtttt : undefined
currentPage : /resource/%EB%B6%88%EC%83%81
testtttt : undefined
currentPage : /resource/%EC%82%BC%EC%9B%90%EC%A0%81%EA%B8%B0%ED%98%B8%EB%A1%A0
testtttt : undefined
currentPage : /
testtttt : undefined
currentPage : /resource/%ED%8B%B0%EB%A5%B4%ED%82%A4%EC%98%88
testtttt : undefined
currentPage : /resource/%EC%84%B1%EB%B2%BD%EC%9A%94%EC%83%88%ED%99%94
testtttt : undefined
currentPage : /resource/%EC%84%B8%EA%B3%84%EC%A0%81_%EB%8D%B0%EC%9D%B4%ED%84%B0_%EA%B0%9C%EB%B0%A9%EA%B3%BC_%EA%B3%B5%EC%9C%A0_%EC%B6%94%EC%84%B8_%ED%99%95%EC%82%B0_%EC%9C%A0%EB%9F%BD
testtttt : undefined
currentPage : /resource/%EB%B3%B5%ED%95%A9%EA%B3%84
testtttt : undefined
currentPage : /resource/Data,_Information_Knowledge%EC%9D%98_%EA%B4%80%EA%B3%84
testtttt : undefined
currentPage : /resource/Bio2RDF
testtttt : undefined
currentPage : /resource/%EC%86%8C%EC%89%AC%EB%A5%B4
testtttt : undefined
currentPage : /resource/%EC%82%BC%ED%86%A0%EB%8F%84
testtttt : undefined
currentPage : /resource/pivoting
testtttt : undefined
currentPage : /resource/%EA%B5%90%EC%97%AD%ED%92%88
testtttt : undefined
(node:4121) UnhandledPromiseRejectionWarning: TypeError: Cannot read property 'toObject' of null
    at router.get (/home/ubuntu/silkroads/router/resource.js:65:31)
    at processTicksAndRejections (internal/process/task_queues.js:86:5)
(node:4121) UnhandledPromiseRejectionWarning: Unhandled promise rejection. This error originated either by throwing inside of an async function without a catch block, or by rejecting a promise which was not handled with .catch(). (rejection id: 114)
(node:4121) UnhandledPromiseRejectionWarning: TypeError: Cannot read property 'toObject' of null
    at router.get (/home/ubuntu/silkroads/router/resource.js:65:31)
    at processTicksAndRejections (internal/process/task_queues.js:86:5)
(node:4121) UnhandledPromiseRejectionWarning: Unhandled promise rejection. This error originated either by throwing inside of an async function without a catch block, or by rejecting a promise which was not handled with .catch(). (rejection id: 115)
currentPage : /resource/%EB%B6%84%EC%82%B0_%EC%BB%B4%ED%93%A8%ED%8C%85
testtttt : undefined
currentPage : /resource/%EB%A1%9C%EB%A7%88%EC%A0%9C%EA%B5%AD_%EB%B6%84%EC%97%B4
testtttt : undefined
currentPage : /resource/aboutness
testtttt : undefined
currentPage : /resource/%EC%99%B8%EA%B5%AD%EC%9D%B8%EB%93%B1%EC%9A%A9
testtttt : undefined
currentPage : /resource/%EB%8B%A4%EB%AF%BC%EC%A1%B1_%EC%82%AC%ED%9A%8C
testtttt : undefined
currentPage : /
testtttt : undefined
currentPage : /facet/Discussion
testtttt : undefined
currentPage : /facet/Work
testtttt : undefined
currentPage : /facet/Place
testtttt : undefined
currentPage : /facet/Seminar
testtttt : undefined
currentPage : /
testtttt : undefined
currentPage : /facet/Heritage
testtttt : undefined
currentPage : /facet/Keyword
testtttt : undefined
currentPage : /facet/Place
testtttt : undefined
currentPage : /facet/Hybrid_Art
testtttt : undefined
currentPage : /facet/Heritage
testtttt : undefined
currentPage : /facet/Keyword
testtttt : undefined
currentPage : /facet/Discussion
testtttt : undefined
currentPage : /facet/Work
testtttt : undefined
currentPage : /facet/Event
testtttt : undefined
currentPage : /facet/Topic
testtttt : undefined
currentPage : /facet/Seminar
testtttt : undefined
currentPage : /resource/%EB%B2%A0%EB%84%A4%EC%B9%98%EC%95%84%EC%83%81%EC%9D%B8
testtttt : undefined
currentPage : /resource/%EC%95%84%EC%B9%B4%EC%9D%B4%EB%B8%8C_2%5Bdot%5D0_%E2%80%93_%ED%86%B5_,%EB%B2%88%EC%97%AD_%EB%B0%8F_%EC%9E%90%EC%97%B0%EC%96%B4_%EC%B2%98%EB%A6%AC_%EC%9E%90%EB%8F%99%ED%99%94_%EC%A7%80%EC%9B%90_%EA%B8%B0%EC%88%A0__AI
testtttt : undefined
currentPage : /resource/%EC%A0%95%EA%B8%B0%EC%8B%9C%EC%9E%A5
testtttt : undefined
currentPage : /resource/%EC%8B%AC%EB%91%90%EB%B3%B4
testtttt : undefined
currentPage : /
testtttt : undefined
currentPage : /facet/Work
testtttt : undefined
currentPage : /facet/Event
testtttt : undefined
currentPage : /facet/Topic
testtttt : undefined
currentPage : /facet/Seminar
testtttt : undefined
currentPage : /facet/Collection
testtttt : undefined
currentPage : /facet/Place
testtttt : undefined
currentPage : /facet/Heritage
testtttt : undefined
currentPage : /
testtttt : undefined
currentPage : /facet/Discussion
testtttt : undefined
currentPage : /
testtttt : undefined
currentPage : /facet/Work
testtttt : undefined
currentPage : /
testtttt : undefined
currentPage : /facet/Event
testtttt : undefined
currentPage : /
testtttt : undefined
currentPage : /facet/Topic
testtttt : undefined
currentPage : /facet/Seminar
testtttt : undefined
currentPage : /facet/Place
testtttt : undefined
currentPage : /facet/Work
testtttt : undefined
currentPage : /facet/Event
testtttt : undefined
currentPage : /facet/Topic
testtttt : undefined
currentPage : /facet/Seminar
testtttt : undefined
currentPage : /facet/Place
testtttt : undefined
currentPage : /facet/Heritage
testtttt : undefined
currentPage : /facet/Keyword
testtttt : undefined
currentPage : /facet/Discussion
testtttt : undefined
currentPage : /facet/Work
testtttt : undefined
currentPage : /facet/Event
testtttt : undefined
currentPage : /facet/Topic
testtttt : undefined
currentPage : /facet/Seminar
testtttt : undefined
currentPage : /
testtttt : undefined
currentPage : /
testtttt : undefined
currentPage : /facet/Seminar
testtttt : undefined
currentPage : /facet/Topic
testtttt : undefined
currentPage : /facet/Event
testtttt : undefined
currentPage : /facet/Work
testtttt : undefined
currentPage : /facet/Discussion
testtttt : undefined
currentPage : /facet/Keyword
testtttt : undefined
currentPage : /facet/Heritage
testtttt : undefined
currentPage : /facet/Place
testtttt : undefined
currentPage : /facet/Timeline
testtttt : undefined
currentPage : /
testtttt : undefined
currentPage : /
testtttt : undefined
currentPage : /resource/%EC%98%A5%EC%9E%94
testtttt : undefined
currentPage : /
testtttt : undefined
currentPage : /resource/%EC%88%98%EC%9E%85%EC%9B%90%EC%B2%9C
testtttt : undefined
currentPage : /
testtttt : undefined
currentPage : /
testtttt : undefined
currentPage : /resource/%ED%99%A9%EC%A0%9C%EC%9D%98_%EC%98%B7
testtttt : undefined
currentPage : /resource/%EC%84%9C%ED%83%9C%EC%A7%80
testtttt : undefined
currentPage : /
testtttt : undefined
currentPage : /resource/%EC%83%81%EC%B0%A8%EB%A6%BC%EA%B3%BC_%EC%97%B0%ED%9A%8C
testtttt : undefined
currentPage : /resource/%EB%82%B4%ED%8F%AC%EC%99%80_%EC%99%B8%EC%97%B0
testtttt : undefined
currentPage : /resource/%EB%8D%B0%EC%9D%B4%ED%84%B0_%EC%97%85%EB%8D%B0%EC%9D%B4%ED%8A%B8
testtttt : undefined
currentPage : /resource/%EA%B4%80%EA%B3%84%ED%98%95_%ED%8C%A8%EC%8B%AF_%EB%84%A4%EB%B9%84%EA%B2%8C%EC%9D%B4%EC%85%98
testtttt : undefined
currentPage : /resource/%ED%97%AC%EB%A0%88%EB%8B%88%EC%A6%98_%EB%AC%B8%ED%99%94
testtttt : undefined
currentPage : /resource/%EB%A7%81%ED%81%AC%EB%93%9C_%EB%8D%B0%EC%9D%B4%ED%84%B0_%ED%98%95%EC%8B%9D
testtttt : undefined
currentPage : /
testtttt : undefined
currentPage : /
testtttt : undefined
currentPage : /facet/Seminar
testtttt : undefined
currentPage : /facet/Seminar
testtttt : undefined
currentPage : /resource/%ED%95%9C%EC%96%91%EB%8F%84%EC%84%B1_%ED%83%80%EC%9E%84%EB%A8%B8%EC%8B%A0_%EC%8B%9C%EB%A7%A8%ED%8B%B1_%EB%8D%B0%EC%9D%B4%ED%84%B0_%EC%95%84%EC%B9%B4%EC%9D%B4%EB%B8%8C-%EB%94%94%EC%A7%80%ED%84%B8_%EC%9D%B8%EB%AC%B8%ED%95%99_%EC%97%B0%EA%B5%AC%EC%82%AC%EB%A1%80
testtttt : undefined
currentPage : /resource/curation%EC%9D%98_%EC%A4%91%EC%9A%94%EC%84%B1
testtttt : undefined
currentPage : /
testtttt : undefined
currentPage : /facet/Seminar
testtttt : undefined
currentPage : /resource/%EC%82%AC%EB%A7%88%EB%A5%B4%EC%B9%B8%ED%8A%B8_%EB%8C%80%EC%84%B1%EB%8B%B9
testtttt : undefined
currentPage : /resource/Digital_Archive
testtttt : undefined
currentPage : /resource/%EC%B9%BC%ED%8F%AC%ED%8D%BC
testtttt : undefined
currentPage : /resource/%EC%B9%BC%ED%8F%AC%ED%8D%BC
testtttt : undefined
currentPage : /resource/%EB%8D%B0%EC%9D%B4%ED%84%B0_%EA%B4%80%EA%B3%84%EC%84%B1
testtttt : undefined
currentPage : /resource/Digital_Archive
testtttt : undefined
currentPage : /
testtttt : undefined
currentPage : /
testtttt : undefined
currentPage : /facet/Seminar
testtttt : undefined
(node:4121) UnhandledPromiseRejectionWarning: TypeError: Cannot read property '@value' of undefined
    at Object.keys.forEach.key (/home/ubuntu/silkroads/router/resource.js:79:72)
    at Array.forEach (<anonymous>)
    at router.get (/home/ubuntu/silkroads/router/resource.js:76:31)
    at processTicksAndRejections (internal/process/task_queues.js:86:5)
(node:4121) UnhandledPromiseRejectionWarning: Unhandled promise rejection. This error originated either by throwing inside of an async function without a catch block, or by rejecting a promise which was not handled with .catch(). (rejection id: 116)
currentPage : /resource/%EC%8B%A4%ED%81%AC%EB%A1%9C%EB%93%9C%EC%99%80_%EC%A4%91%EC%95%99%EC%95%84%EC%8B%9C%EC%95%84_%ED%8B%B0%EB%AC%B4%EB%A5%B4_%EC%8B%9C%EB%8C%80%EC%97%90_%EC%82%AC%EB%A7%88%EB%A5%B4%EC%B9%B8%ED%8A%B8%EC%99%80_%EB%B6%80%ED%95%98%EB%9D%BC
testtttt : undefined
currentPage : /facet/Seminar
testtttt : undefined
currentPage : /facet/Seminar
testtttt : undefined
currentPage : /facet/Seminar
testtttt : undefined
currentPage : /resource/%ED%95%9C%EC%96%91%EB%8F%84%EC%84%B1_%ED%83%80%EC%9E%84%EB%A8%B8%EC%8B%A0_%EC%8B%9C%EB%A7%A8%ED%8B%B1_%EB%8D%B0%EC%9D%B4%ED%84%B0_%EC%95%84%EC%B9%B4%EC%9D%B4%EB%B8%8C-%EB%94%94%EC%A7%80%ED%84%B8_%EC%9D%B8%EB%AC%B8%ED%95%99_%EC%97%B0%EA%B5%AC%EC%82%AC%EB%A1%80
testtttt : undefined
currentPage : /
testtttt : undefined
currentPage : /
testtttt : undefined
currentPage : /resource/%EC%9E%90%EC%97%B0%EC%96%B4%EC%B2%98%EB%A6%AC%EA%B3%BC%EC%A0%95
testtttt : undefined
currentPage : /
testtttt : undefined
currentPage : /
testtttt : undefined
currentPage : /
testtttt : undefined
currentPage : /facet/Seminar
testtttt : undefined
currentPage : /facet/Topic
testtttt : undefined
currentPage : /facet/Seminar
testtttt : undefined
currentPage : /facet/Keyword
testtttt : undefined
currentPage : /
testtttt : undefined
currentPage : /facet/Heritage
testtttt : undefined
currentPage : /facet/Heritage
testtttt : undefined
currentPage : /facet/Place
testtttt : undefined
currentPage : /facet/Place
testtttt : undefined
currentPage : /facet/Place
testtttt : undefined
currentPage : /resource/%EB%A1%9C%EB%A7%88
testtttt : undefined
currentPage : /facet/Place
testtttt : undefined
currentPage : /resource/%EB%A1%9C%EB%A7%88
testtttt : undefined
currentPage : /facet/Seminar
testtttt : undefined
currentPage : /facet/Seminar
testtttt : undefined
currentPage : /resource/%ED%95%9C%EC%96%91%EB%8F%84%EC%84%B1_%ED%83%80%EC%9E%84%EB%A8%B8%EC%8B%A0_%EC%8B%9C%EB%A7%A8%ED%8B%B1_%EB%8D%B0%EC%9D%B4%ED%84%B0_%EC%95%84%EC%B9%B4%EC%9D%B4%EB%B8%8C-%EB%94%94%EC%A7%80%ED%84%B8_%EC%9D%B8%EB%AC%B8%ED%95%99_%EC%97%B0%EA%B5%AC%EC%82%AC%EB%A1%80
testtttt : undefined
currentPage : /resource/%ED%95%9C%EC%96%91%EB%8F%84%EC%84%B1_%ED%83%80%EC%9E%84%EB%A8%B8%EC%8B%A0_%EC%8B%9C%EB%A7%A8%ED%8B%B1_%EB%8D%B0%EC%9D%B4%ED%84%B0_%EC%95%84%EC%B9%B4%EC%9D%B4%EB%B8%8C-%EB%94%94%EC%A7%80%ED%84%B8_%EC%9D%B8%EB%AC%B8%ED%95%99_%EC%97%B0%EA%B5%AC%EC%82%AC%EB%A1%80
testtttt : undefined
currentPage : /
testtttt : undefined
currentPage : /
testtttt : undefined
currentPage : /facet/Topic
testtttt : undefined
currentPage : /facet/Topic
testtttt : undefined
currentPage : /facet/Topic
testtttt : undefined
currentPage : /facet/Topic
testtttt : undefined
currentPage : /resource/%EB%8B%A4%EB%AF%BC%EC%A1%B1_%EC%82%AC%ED%9A%8C%EC%9D%98_%ED%98%95%EC%84%B1%EA%B3%BC_%EC%99%B8%EA%B5%AD%EC%9D%B8%EB%93%A4%EC%9D%98_%EC%A0%95%EC%B0%A9
testtttt : undefined
currentPage : /resource/%EC%8B%A4%ED%81%AC%EB%A1%9C%EB%93%9C%EB%A5%BC_%ED%86%B5%ED%95%B4_%EC%9D%B4%EC%96%B4%EC%A7%84_%EA%B5%AD%EC%A0%9C%EB%8F%84%EC%8B%9C_%EC%BD%98%EC%8A%A4%ED%83%84%ED%8B%B0%EB%85%B8%ED%94%8C%EC%9D%98_%EC%83%81%EC%97%85_%ED%99%9C%EB%8F%99
testtttt : undefined
currentPage : /resource/%EC%BD%98%EC%8A%A4%ED%83%84%ED%8B%B0%EB%85%B8%ED%94%8C
testtttt : undefined
currentPage : /facet/Topic
testtttt : undefined
currentPage : /resource/%EA%B0%88%EB%9D%BC%ED%83%80%EC%A7%80%EC%97%AD
testtttt : undefined
currentPage : /facet/Topic
testtttt : undefined
currentPage : /resource/%EC%8B%A4%ED%81%AC%EB%A1%9C%EB%93%9C%EC%99%80_%EB%B9%84%EC%9E%94%ED%8B%B4_%EC%A0%9C%EA%B5%AD%EC%9D%98_%EC%BD%98%EC%8A%A4%ED%83%84%ED%8B%B0%EB%85%B8%EB%B8%94
testtttt : undefined
currentPage : /resource/%EC%9C%A0%EC%9E%AC%EC%9B%90
testtttt : undefined
currentPage : /resource/%EC%95%84%EC%95%BC_%EC%86%8C%ED%94%BC%EC%95%84_%EC%84%B1%EB%8B%B9
testtttt : undefined
currentPage : /resource/%ED%95%9C%EC%96%91%EB%8F%84%EC%84%B1_%ED%83%80%EC%9E%84%EB%A8%B8%EC%8B%A0_%EC%8B%9C%EB%A7%A8%ED%8B%B1_%EB%8D%B0%EC%9D%B4%ED%84%B0_%EC%95%84%EC%B9%B4%EC%9D%B4%EB%B8%8C-%EB%94%94%EC%A7%80%ED%84%B8_%EC%9D%B8%EB%AC%B8%ED%95%99_%EC%97%B0%EA%B5%AC%EC%82%AC%EB%A1%80
testtttt : undefined
currentPage : /resource/%EC%8B%A4%ED%81%AC%EB%A1%9C%EB%93%9C%EC%99%80_%EB%B9%84%EC%9E%94%ED%8B%B4_%EC%A0%9C%EA%B5%AD%EC%9D%98_%EC%BD%98%EC%8A%A4%ED%83%84%ED%8B%B0%EB%85%B8%EB%B8%94
testtttt : undefined
currentPage : /resource/%EC%8B%A4%ED%81%AC%EB%A1%9C%EB%93%9C%EC%99%80_%EB%B9%84%EC%9E%94%ED%8B%B4_%EC%A0%9C%EA%B5%AD%EC%9D%98_%EC%BD%98%EC%8A%A4%ED%83%84%ED%8B%B0%EB%85%B8%EB%B8%94
testtttt : undefined
currentPage : /resource/%EC%98%A4%EC%8A%A4%EB%A7%8C_%EC%A0%9C%EA%B5%AD
testtttt : undefined
currentPage : /facet/Event
testtttt : undefined
currentPage : /facet/Event
testtttt : undefined
currentPage : /resource/%EB%AC%B4%EC%8B%A0%EB%85%84%EC%A7%84%EC%B0%AC
testtttt : undefined
currentPage : /resource/%EB%AC%B4%EC%8B%A0%EB%85%84%EC%A7%84%EC%B0%AC
testtttt : undefined
currentPage : /resource/%EC%B0%BD%EB%8D%95%EA%B6%81
testtttt : undefined
currentPage : /resource/%EC%B0%BD%EB%8D%95%EA%B6%81
testtttt : undefined
currentPage : /resource/%EC%A1%B0%EC%84%A0%EC%8B%9C%EB%8C%805%EB%8C%80%EA%B6%81
testtttt : undefined
currentPage : /resource/%EC%A1%B0%EC%84%A0%EC%8B%9C%EB%8C%805%EB%8C%80%EA%B6%81
testtttt : undefined
currentPage : /resource/%EA%B2%BD%ED%9D%AC%EA%B6%81
testtttt : undefined
currentPage : /facet/Work
testtttt : undefined
currentPage : /facet/Work
testtttt : undefined
currentPage : /facet/Work
testtttt : undefined
currentPage : /resource/%EB%85%B8%EB%9E%80_%EC%83%A4%EC%93%B0_%EC%9E%85%EC%9D%80_%EC%82%AC%EB%82%98%EC%9D%B4
testtttt : undefined
currentPage : /facet/Discussion
testtttt : undefined
currentPage : /facet/Discussion
testtttt : undefined
currentPage : /resource/%EC%8B%9C%EB%A7%A8%ED%8B%B1%EA%B2%80%EC%83%89%EC%96%B4%EB%A0%A4%EC%9B%80
testtttt : undefined
currentPage : /facet/Discussion
testtttt : undefined
currentPage : /facet/Discussion
testtttt : undefined
currentPage : /resource/%EA%B0%80%EC%83%81%EA%B4%80%EA%B4%91_%EB%A9%94%ED%83%80%EB%B2%84%EC%8A%A4_%EB%B0%8F_%EC%9C%B5%ED%95%A9_%EC%BD%98%ED%85%90%EC%B8%A0
testtttt : undefined
currentPage : /resource/%EA%B0%80%EC%83%81%EA%B4%80%EA%B4%91_%EB%A9%94%ED%83%80%EB%B2%84%EC%8A%A4_%EB%B0%8F_%EC%9C%B5%ED%95%A9_%EC%BD%98%ED%85%90%EC%B8%A0
testtttt : undefined
currentPage : /resource/%EC%A3%BC%EC%9A%94%ED%94%8C%EB%9E%AB%ED%8F%BC%EA%B8%B0%EC%97%85
testtttt : undefined
currentPage : /resource/%EC%A0%9C%ED%8E%98%ED%86%A0
testtttt : undefined
currentPage : /resource/%EB%94%94%EC%A7%80%ED%84%B8_%EC%8B%A4%ED%81%AC_%EB%A1%9C%EB%93%9C_%EB%94%94%EC%A7%80%ED%84%B8_%EC%95%84%EC%B9%B4%EC%9D%B4%EB%B8%8C_%ED%94%8C%EB%9E%AB%ED%8F%BC%EA%B3%BC_%EC%84%B8%EA%B3%84_%EB%AC%B8%ED%99%94%EC%9D%98_%EC%97%B0%EA%B3%84%5Bdot%5D%EC%9C%B5%ED%95%A9
testtttt : undefined
currentPage : /facet/Keyword
testtttt : undefined
currentPage : /facet/Discussion
testtttt : undefined
currentPage : /facet/Work
testtttt : undefined
currentPage : /facet/Keyword
testtttt : undefined
currentPage : /facet/Keyword
testtttt : undefined
currentPage : /facet/Keyword
testtttt : undefined
currentPage : /facet/Discussion
testtttt : undefined
currentPage : /facet/Keyword
testtttt : undefined
currentPage : /facet/Keyword
testtttt : undefined
currentPage : /facet/Discussion
testtttt : undefined
(node:4121) UnhandledPromiseRejectionWarning: TypeError: Cannot read property '@value' of undefined
    at Object.keys.forEach.key (/home/ubuntu/silkroads/router/resource.js:79:72)
    at Array.forEach (<anonymous>)
    at router.get (/home/ubuntu/silkroads/router/resource.js:76:31)
    at processTicksAndRejections (internal/process/task_queues.js:86:5)
(node:4121) UnhandledPromiseRejectionWarning: Unhandled promise rejection. This error originated either by throwing inside of an async function without a catch block, or by rejecting a promise which was not handled with .catch(). (rejection id: 117)
(node:4121) UnhandledPromiseRejectionWarning: TypeError: Cannot read property '@value' of undefined
    at Object.keys.forEach.key (/home/ubuntu/silkroads/router/resource.js:79:72)
    at Array.forEach (<anonymous>)
    at router.get (/home/ubuntu/silkroads/router/resource.js:76:31)
    at processTicksAndRejections (internal/process/task_queues.js:86:5)
(node:4121) UnhandledPromiseRejectionWarning: Unhandled promise rejection. This error originated either by throwing inside of an async function without a catch block, or by rejecting a promise which was not handled with .catch(). (rejection id: 118)
(node:4121) UnhandledPromiseRejectionWarning: TypeError: Cannot read property '@value' of undefined
    at Object.keys.forEach.key (/home/ubuntu/silkroads/router/resource.js:79:72)
    at Array.forEach (<anonymous>)
    at router.get (/home/ubuntu/silkroads/router/resource.js:76:31)
    at processTicksAndRejections (internal/process/task_queues.js:86:5)
(node:4121) UnhandledPromiseRejectionWarning: Unhandled promise rejection. This error originated either by throwing inside of an async function without a catch block, or by rejecting a promise which was not handled with .catch(). (rejection id: 119)
currentPage : /
testtttt : undefined
currentPage : /facet/Keyword
testtttt : undefined
currentPage : /facet/Keyword
testtttt : undefined
currentPage : /facet/Keyword
testtttt : undefined
currentPage : /facet/Heritage
testtttt : undefined
currentPage : /facet/Heritage
testtttt : undefined
currentPage : /facet/Keyword
testtttt : undefined
currentPage : /facet/Work
testtttt : undefined
currentPage : /facet/Event
testtttt : undefined
currentPage : /facet/Keyword
testtttt : undefined
currentPage : /facet/Event
testtttt : undefined
currentPage : /facet/Heritage
testtttt : undefined
currentPage : /resource/%EB%AC%B4%EC%8B%A0%EB%85%84%EC%A7%84%EC%B0%AC
testtttt : undefined
currentPage : /facet/Heritage
testtttt : undefined
currentPage : /resource/%EC%84%9D%EA%B5%B4%EC%95%94
testtttt : undefined
currentPage : /resource/%EC%84%9D%EA%B5%B4%EC%95%94
testtttt : undefined
currentPage : /facet/Keyword
testtttt : undefined
currentPage : /resource/%ED%95%9C%EC%A4%91%EC%88%98%EA%B5%90
testtttt : undefined
currentPage : /facet/Heritage
testtttt : undefined
currentPage : /resource/%ED%8C%90%ED%85%8C%EC%98%A8
testtttt : undefined
currentPage : /resource/%ED%8C%90%ED%85%8C%EC%98%A8
testtttt : undefined
currentPage : /facet/Heritage
testtttt : undefined
currentPage : /resource/%EC%82%BC%ED%86%A0%EB%8F%84
testtttt : undefined
currentPage : /facet/Place
testtttt : undefined
currentPage : /facet/Place
testtttt : undefined
currentPage : /resource/%EB%8F%88%ED%99%A9
testtttt : undefined
currentPage : /resource/%EC%82%BC%ED%86%A0%EB%8F%84
testtttt : undefined
currentPage : /resource/%EA%B5%90%ED%95%A9%EB%B2%95
testtttt : undefined
currentPage : /resource/%EA%B5%90%ED%95%A9%EB%B2%95
testtttt : undefined
currentPage : /resource/%EC%82%BC%ED%86%A0%EB%8F%84
testtttt : undefined
currentPage : /
testtttt : undefined
currentPage : /resource/%EC%88%98%EB%82%98%EB%9D%BC
testtttt : undefined
currentPage : /facet/Keyword
testtttt : undefined
currentPage : /resource/%EB%8D%B0%EB%B3%B8%EA%B5%90%ED%9A%8C
testtttt : undefined
currentPage : /resource/%EC%82%BC%ED%86%A0%EB%8F%84
testtttt : undefined
currentPage : /resource/%EB%8D%B0%EB%B3%B8%EA%B5%90%ED%9A%8C
testtttt : undefined
currentPage : /facet/Place
testtttt : undefined
currentPage : /facet/Place
testtttt : undefined
currentPage : /facet/Place
testtttt : undefined
currentPage : /resource/%EC%82%AC%EB%A7%88%EB%A5%B4%EC%B9%B8%EB%93%9C
testtttt : undefined
currentPage : /facet/Place
testtttt : undefined
currentPage : /resource/%EC%82%AC%EB%A7%88%EB%A5%B4%EC%B9%B8%EB%93%9C
testtttt : undefined
currentPage : /resource/%EC%82%AC%EB%A7%88%EB%A5%B4%EC%B9%B8%ED%8A%B8_%EB%8C%80%EC%84%B1%EB%8B%B9
testtttt : undefined
currentPage : /facet/Collection
testtttt : undefined
currentPage : /facet/Seminar
testtttt : undefined
currentPage : /resource/%EC%A7%80%EC%8B%9D%EC%83%9D%EC%84%B1%ED%8C%A8%EB%9F%AC%EB%8B%A4%EC%9E%84%EC%9D%98_%EC%A2%85%EB%A5%98
testtttt : undefined
currentPage : /resource/%ED%8C%A8%EB%9F%AC%EB%8B%A4%EC%9E%84%EC%9D%98_%EB%85%BC%EB%A6%AC%ED%95%99%EC%A0%81_%EC%84%A0%ED%96%89%EC%84%B1
testtttt : undefined
currentPage : /facet/Collection
testtttt : undefined
currentPage : /facet/Hybrid_Art
testtttt : undefined
currentPage : /resource/%EC%A7%80%EC%8B%9D%EC%83%9D%EC%84%B1%ED%8C%A8%EB%9F%AC%EB%8B%A4%EC%9E%84%EC%9D%98_%EC%A2%85%EB%A5%98
testtttt : undefined
currentPage : /resource/%EC%A7%80%EC%8B%9D%EC%83%9D%EC%84%B1%ED%8C%A8%EB%9F%AC%EB%8B%A4%EC%9E%84
testtttt : undefined
currentPage : /resource/%EC%A7%80%EC%8B%9D%EC%83%9D%EC%84%B1%ED%8C%A8%EB%9F%AC%EB%8B%A4%EC%9E%84%EC%9D%98_%EC%A2%85%EB%A5%98
testtttt : undefined
currentPage : /resource/%EB%A7%88%ED%88%AC%EB%9D%BC_%EB%B6%88%EC%83%81
testtttt : undefined
currentPage : /resource/%ED%8C%A8%EB%9F%AC%EB%8B%A4%EC%9E%84%EC%9D%98_%EB%85%BC%EB%A6%AC%ED%95%99%EC%A0%81_%EC%84%A0%ED%96%89%EC%84%B1
testtttt : undefined
currentPage : /resource/%EC%A7%80%EC%8B%9D%EC%83%9D%EC%84%B1%ED%8C%A8%EB%9F%AC%EB%8B%A4%EC%9E%84%EC%9D%98_%EC%A2%85%EB%A5%98
testtttt : undefined
currentPage : /resource/%EB%A7%88%ED%88%AC%EB%9D%BC_%EB%AF%B8%EC%88%A0
testtttt : undefined
currentPage : /facet/Hybrid_Art
testtttt : undefined
currentPage : /sitemap
testtttt : undefined
currentPage : /resource/%EA%B2%80%EC%83%89_%EA%B8%B0%EB%8A%A5
testtttt : undefined
currentPage : /sitemap
testtttt : undefined
currentPage : /sitemap
testtttt : undefined
currentPage : /sitemap
testtttt : undefined
currentPage : /resource/%EC%8B%A4%ED%81%AC%EB%A1%9C%EB%93%9C
testtttt : undefined
currentPage : /resource/%EC%8B%A4%ED%81%AC%EB%A1%9C%EB%93%9C
testtttt : undefined
currentPage : /sitemap
testtttt : undefined
currentPage : /resource/%EC%8B%A4%ED%81%AC%EB%A1%9C%EB%93%9C
testtttt : undefined
currentPage : /resource/%EC%8B%A4%ED%81%AC_%EB%A1%9C%EB%93%9C%EB%A5%BC_%ED%86%B5%ED%95%B4_%EC%A0%84%ED%95%B4%EC%A7%84_%EA%B3%A0%EB%8C%80_%EA%B7%B8%EB%A6%AC%EC%8A%A4_%EB%AC%B8%ED%99%94%EC%9D%98_%EC%9C%A0%EC%82%B0
testtttt : undefined
currentPage : /resource/%EC%8B%A4%ED%81%AC%EB%A1%9C%EB%93%9C%EC%9D%98_%EA%B8%B0%EC%9B%90%EA%B3%BC_%EC%BD%98%EC%8A%A4%ED%83%84%ED%8B%B0%EB%85%B8%ED%94%8C%EC%9D%98_%EC%97%AD%ED%95%A0
testtttt : undefined
currentPage : /resource/%EC%8B%A4%ED%81%AC%EB%A1%9C%EB%93%9C
testtttt : undefined
currentPage : /sitemap
testtttt : undefined
currentPage : /resource/%EB%B9%84%EC%9E%94%ED%8B%B4%EC%A0%9C%EA%B5%AD%EC%9D%98_%EB%AC%B4%EC%97%AD_%EC%A0%95%EC%B1%85%EA%B3%BC_%EC%88%98%EC%9E%85%EC%9D%98_%EC%9B%90%EC%B2%9C
testtttt : undefined
currentPage : /resource/Silo%EC%97%90_%EC%86%8D%EB%B0%95%EB%90%98%EC%96%B4_%EA%B3%A0%EB%A6%BD%EB%90%9C_Data%EC%9D%98_%ED%95%B4%EB%B0%A9%EA%B3%BC_%EC%A0%84%EC%A7%80%EA%B5%AC%EC%A0%81_%EC%97%B0%EA%B2%B0
testtttt : undefined
currentPage : /
testtttt : undefined
currentPage : /facet/Discussion
testtttt : undefined
currentPage : /resource/%EC%8B%9C%EB%A7%A8%ED%8B%B1%EA%B8%B0%EC%88%A0
testtttt : undefined
currentPage : /
testtttt : undefined
node:internal/modules/cjs/loader:944
  throw err;
  ^

Error: Cannot find module 'http-errors'
Require stack:
- /home/ubuntu/silkroads/app.js
    at Function.Module._resolveFilename (node:internal/modules/cjs/loader:941:15)
    at Function.Module._load (node:internal/modules/cjs/loader:774:27)
    at Module.require (node:internal/modules/cjs/loader:1013:19)
    at require (node:internal/modules/cjs/helpers:93:18)
    at Object.<anonymous> (/home/ubuntu/silkroads/app.js:1:21)
    at Module._compile (node:internal/modules/cjs/loader:1109:14)
    at Object.Module._extensions..js (node:internal/modules/cjs/loader:1138:10)
    at Module.load (node:internal/modules/cjs/loader:989:32)
    at Function.Module._load (node:internal/modules/cjs/loader:829:14)
    at Function.executeUserEntryPoint [as runMain] (node:internal/modules/run_main:76:12) {
  code: 'MODULE_NOT_FOUND',
  requireStack: [ '/home/ubuntu/silkroads/app.js' ]
}
internal/modules/cjs/loader.js:934
  throw err;
  ^

Error: Cannot find module 'http-errors'
Require stack:
- /home/ubuntu/silkroads/app.js
    at Function.Module._resolveFilename (internal/modules/cjs/loader.js:931:15)
    at Function.Module._load (internal/modules/cjs/loader.js:774:27)
    at Module.require (internal/modules/cjs/loader.js:1003:19)
    at require (internal/modules/cjs/helpers.js:107:18)
    at Object.<anonymous> (/home/ubuntu/silkroads/app.js:1:21)
    at Module._compile (internal/modules/cjs/loader.js:1114:14)
    at Object.Module._extensions..js (internal/modules/cjs/loader.js:1143:10)
    at Module.load (internal/modules/cjs/loader.js:979:32)
    at Function.Module._load (internal/modules/cjs/loader.js:819:12)
    at Function.executeUserEntryPoint [as runMain] (internal/modules/run_main.js:75:12) {
  code: 'MODULE_NOT_FOUND',
  requireStack: [ '/home/ubuntu/silkroads/app.js' ]
}
8923번 포트에서 대기 중
몽고디비 연결 성공
currentPage : /
testtttt : undefined
currentPage : /
testtttt : undefined
currentPage : /
testtttt : undefined
8923번 포트에서 대기 중
몽고디비 연결 성공
8923번 포트에서 대기 중
몽고디비 연결 성공
currentPage : /facet/Event
testtttt : undefined
currentPage : /facet/Event
testtttt : undefined
currentPage : /resource/4%5Bdot%5D19%EC%9D%98%EA%B1%B0
testtttt : undefined
currentPage : /resource/%EA%B9%80%EC%A3%BC%EC%97%B4
testtttt : undefined
currentPage : /resource/4%5Bdot%5D19%EC%9D%98%EA%B1%B0
testtttt : undefined
currentPage : /resource/%EA%B2%BD%EB%AC%B4%EB%8C%80
testtttt : undefined
currentPage : /resource/4%5Bdot%5D19%EC%9D%98%EA%B1%B0
testtttt : undefined
currentPage : /facet/Place
testtttt : undefined
currentPage : /facet/Seminar
testtttt : undefined
currentPage : /
testtttt : undefined
currentPage : /
testtttt : undefined
currentPage : /facet/Topic
testtttt : undefined
currentPage : /facet/Topic
testtttt : undefined
currentPage : /facet/Work
testtttt : undefined
currentPage : /facet/Discussion
testtttt : undefined
currentPage : /resource/%EC%8B%A4%ED%81%AC%EB%A1%9C%EB%93%9C_%EC%97%B0%EB%A7%B9%EC%9D%98_%EC%B6%9C%EB%B0%9C
testtttt : undefined
currentPage : /facet/Discussion
testtttt : undefined
/home/ubuntu/silkroads/router/resource.js:79
            const resTopic_Clip = mcResult[key][config.comm.topic_clip]["@value"];
                                                                       ^

TypeError: Cannot read property '@value' of undefined
    at /home/ubuntu/silkroads/router/resource.js:79:72
    at Array.forEach (<anonymous>)
    at /home/ubuntu/silkroads/router/resource.js:76:31
    at runMicrotasks (<anonymous>)
    at processTicksAndRejections (node:internal/process/task_queues:96:5)
8923번 포트에서 대기 중
몽고디비 연결 성공
currentPage : /
testtttt : undefined
currentPage : /
testtttt : undefined
currentPage : /
testtttt : undefined
currentPage : /facet/Seminar
testtttt : undefined
currentPage : /resource/%ED%95%9C%EC%96%91%EB%8F%84%EC%84%B1_%ED%83%80%EC%9E%84%EB%A8%B8%EC%8B%A0_%EC%8B%9C%EB%A7%A8%ED%8B%B1_%EB%8D%B0%EC%9D%B4%ED%84%B0_%EC%95%84%EC%B9%B4%EC%9D%B4%EB%B8%8C-%EB%94%94%EC%A7%80%ED%84%B8_%EC%9D%B8%EB%AC%B8%ED%95%99_%EC%97%B0%EA%B5%AC%EC%82%AC%EB%A1%80
testtttt : undefined
currentPage : /facet/Event
testtttt : undefined
currentPage : /facet/Work
testtttt : undefined
currentPage : /facet/Event
testtttt : undefined
currentPage : /facet/Event
testtttt : undefined
currentPage : /facet/Keyword
testtttt : undefined
currentPage : /facet/Keyword
testtttt : undefined
currentPage : /
testtttt : undefined
currentPage : /facet/Discussion
testtttt : undefined
currentPage : /sitemap
testtttt : undefined
currentPage : /resource/%EC%8B%A4%ED%81%AC%EB%A1%9C%EB%93%9C
testtttt : undefined
currentPage : /
testtttt : undefined
currentPage : /resource/%EC%8B%A4%ED%81%AC%EB%A1%9C%EB%93%9C%EC%9D%98_%EA%B8%B0%EC%9B%90%EA%B3%BC_%EC%BD%98%EC%8A%A4%ED%83%84%ED%8B%B0%EB%85%B8%ED%94%8C%EC%9D%98_%EC%97%AD%ED%95%A0
testtttt : undefined
currentPage : /resource/%EC%95%84%EC%95%BC_%EC%86%8C%ED%94%BC%EC%95%84_%EC%84%B1%EB%8B%B9
testtttt : undefined
currentPage : /resource/%EC%9C%84%EA%B5%AC%EB%A5%B4_%EC%98%88%EC%88%A0
testtttt : undefined
currentPage : /resource/2006
testtttt : undefined
currentPage : /resource/%EA%B0%84%EB%8B%A4%EB%9D%BC_%EB%B6%88%EC%83%81
testtttt : undefined
currentPage : /resource/4%EC%B0%A8_%EC%82%B0%EC%97%85_%ED%98%81%EB%AA%85%EA%B3%BC_%EB%8D%B0%EC%9D%B4%ED%84%B0%EC%9D%98_%EA%B4%80%EA%B3%84
testtttt : undefined
currentPage : /resource/%EB%A7%88%ED%88%AC%EB%9D%BC_%EB%AF%B8%EC%88%A0
testtttt : undefined
/home/ubuntu/silkroads/router/resource.js:79
            const resTopic_Clip = mcResult[key][config.comm.topic_clip]["@value"];
                                                                       ^

TypeError: Cannot read property '@value' of undefined
    at /home/ubuntu/silkroads/router/resource.js:79:72
    at Array.forEach (<anonymous>)
    at /home/ubuntu/silkroads/router/resource.js:76:31
    at runMicrotasks (<anonymous>)
    at processTicksAndRejections (node:internal/process/task_queues:96:5)
node:internal/modules/cjs/loader:944
  throw err;
  ^

Error: Cannot find module '/silkroads/app.js'
    at Function.Module._resolveFilename (node:internal/modules/cjs/loader:941:15)
    at Function.Module._load (node:internal/modules/cjs/loader:774:27)
    at Function.executeUserEntryPoint [as runMain] (node:internal/modules/run_main:76:12)
    at node:internal/main/run_main_module:17:47 {
  code: 'MODULE_NOT_FOUND',
  requireStack: []
}
8923번 포트에서 대기 중
몽고디비 연결 성공
currentPage : /
testtttt : undefined
/home/ubuntu/silkroads/router/resource.js:65
    const movieClipObj  = doc.toObject();
                              ^

TypeError: Cannot read property 'toObject' of null
    at /home/ubuntu/silkroads/router/resource.js:65:31
    at processTicksAndRejections (node:internal/process/task_queues:96:5)
node:internal/modules/cjs/loader:944
  throw err;
  ^

Error: Cannot find module '/silkroads/app.js'
    at Function.Module._resolveFilename (node:internal/modules/cjs/loader:941:15)
    at Function.Module._load (node:internal/modules/cjs/loader:774:27)
    at Function.executeUserEntryPoint [as runMain] (node:internal/modules/run_main:76:12)
    at node:internal/main/run_main_module:17:47 {
  code: 'MODULE_NOT_FOUND',
  requireStack: []
}
node:internal/modules/cjs/loader:944
  throw err;
  ^

Error: Cannot find module '/silkroads/app.js'
    at Function.Module._resolveFilename (node:internal/modules/cjs/loader:941:15)
    at Function.Module._load (node:internal/modules/cjs/loader:774:27)
    at Function.executeUserEntryPoint [as runMain] (node:internal/modules/run_main:76:12)
    at node:internal/main/run_main_module:17:47 {
  code: 'MODULE_NOT_FOUND',
  requireStack: []
}
